"task_id","project_id","project_name","phase","depends_on","candidate_issue","issue_url","goal","deliverables","acceptance","model_use","risk_control","status"
"P001-A","P001","Nextcloud Server","A-复现与验收固化","","[Bug]: Lack of some translations in v34","https://github.com/nextcloud/server/issues/63515","在固定 commit 上复现候选 Issue，并把需求收敛为模型可执行、可自动判定的任务说明。","task-spec.md；最小复现；失败测试或确定性检查脚本；准确运行命令。","干净环境可重复得到预期失败；验收命令和期望结果明确；不修改生产实现；维护者确认任务边界。","可让模型分析仓库、生成复现步骤和测试，但不得让模型自行扩大需求范围。","仅修改任务授权范围；禁止携带密钥和个人数据；需要维护者批准后才能向上游提交。","待维护者确认"
"P001-B","P001","Nextcloud Server","B-模型实现最小修复","P001-A","[Bug]: Lack of some translations in v34","https://github.com/nextcloud/server/issues/63515","基于 A 阶段锁定的任务说明和失败测试，使用模型完成最小范围实现。","model.patch；变更说明；目标测试与相关回归测试日志；模型与运行参数记录。","A 阶段失败测试转为通过；相关既有测试无回归；无无关重构、依赖或格式化；补丁不含密钥和个人数据。","模型只能在隔离容器和固定 commit 上工作；禁用自动发布、自动合并和生产凭据。","仅修改任务授权范围；禁止携带密钥和个人数据；需要维护者批准后才能向上游提交。","等待A完成"
"P001-C","P001","Nextcloud Server","C-独立复验与草稿PR","P001-B","[Bug]: Lack of some translations in v34","https://github.com/nextcloud/server/issues/63515","由不同用户在干净环境独立复验补丁，检查回归、许可证、敏感信息和提交质量，并准备草稿 PR。","review.md；干净环境复验日志；风险清单；草稿 PR 标题与正文；维护者决定记录。","补丁可重复应用；目标与必要回归测试通过；敏感信息扫描通过；变更符合贡献指南；只有维护者批准后才创建草稿 PR。","模型可辅助审查和撰写 PR，但最终结论必须由未参与 B 阶段的用户确认。","仅修改任务授权范围；禁止携带密钥和个人数据；需要维护者批准后才能向上游提交。","等待B完成"
"P002-A","P002","Docs - Collaborative Text Editing","A-复现与验收固化","","Docs installed as an application : Error 400","https://github.com/suitenumerique/docs/issues/2477","在固定 commit 上复现候选 Issue，并把需求收敛为模型可执行、可自动判定的任务说明。","task-spec.md；最小复现；失败测试或确定性检查脚本；准确运行命令。","干净环境可重复得到预期失败；验收命令和期望结果明确；不修改生产实现；维护者确认任务边界。","可让模型分析仓库、生成复现步骤和测试，但不得让模型自行扩大需求范围。","仅修改任务授权范围；禁止携带密钥和个人数据；需要维护者批准后才能向上游提交。","待维护者确认"
"P002-B","P002","Docs - Collaborative Text Editing","B-模型实现最小修复","P002-A","Docs installed as an application : Error 400","https://github.com/suitenumerique/docs/issues/2477","基于 A 阶段锁定的任务说明和失败测试，使用模型完成最小范围实现。","model.patch；变更说明；目标测试与相关回归测试日志；模型与运行参数记录。","A 阶段失败测试转为通过；相关既有测试无回归；无无关重构、依赖或格式化；补丁不含密钥和个人数据。","模型只能在隔离容器和固定 commit 上工作；禁用自动发布、自动合并和生产凭据。","仅修改任务授权范围；禁止携带密钥和个人数据；需要维护者批准后才能向上游提交。","等待A完成"
"P002-C","P002","Docs - Collaborative Text Editing","C-独立复验与草稿PR","P002-B","Docs installed as an application : Error 400","https://github.com/suitenumerique/docs/issues/2477","由不同用户在干净环境独立复验补丁，检查回归、许可证、敏感信息和提交质量，并准备草稿 PR。","review.md；干净环境复验日志；风险清单；草稿 PR 标题与正文；维护者决定记录。","补丁可重复应用；目标与必要回归测试通过；敏感信息扫描通过；变更符合贡献指南；只有维护者批准后才创建草稿 PR。","模型可辅助审查和撰写 PR，但最终结论必须由未参与 B 阶段的用户确认。","仅修改任务授权范围；禁止携带密钥和个人数据；需要维护者批准后才能向上游提交。","等待B完成"
"P003-A","P003","LaSuite Meet","A-复现与验收固化","","Add a low connection mode","https://github.com/suitenumerique/meet/issues/1605","在固定 commit 上复现候选 Issue，并把需求收敛为模型可执行、可自动判定的任务说明。","task-spec.md；最小复现；失败测试或确定性检查脚本；准确运行命令。","干净环境可重复得到预期失败；验收命令和期望结果明确；不修改生产实现；维护者确认任务边界。","可让模型分析仓库、生成复现步骤和测试，但不得让模型自行扩大需求范围。","仅修改任务授权范围；禁止携带密钥和个人数据；需要维护者批准后才能向上游提交。","待维护者确认"
"P003-B","P003","LaSuite Meet","B-模型实现最小修复","P003-A","Add a low connection mode","https://github.com/suitenumerique/meet/issues/1605","基于 A 阶段锁定的任务说明和失败测试，使用模型完成最小范围实现。","model.patch；变更说明；目标测试与相关回归测试日志；模型与运行参数记录。","A 阶段失败测试转为通过；相关既有测试无回归；无无关重构、依赖或格式化；补丁不含密钥和个人数据。","模型只能在隔离容器和固定 commit 上工作；禁用自动发布、自动合并和生产凭据。","仅修改任务授权范围；禁止携带密钥和个人数据；需要维护者批准后才能向上游提交。","等待A完成"
"P003-C","P003","LaSuite Meet","C-独立复验与草稿PR","P003-B","Add a low connection mode","https://github.com/suitenumerique/meet/issues/1605","由不同用户在干净环境独立复验补丁，检查回归、许可证、敏感信息和提交质量，并准备草稿 PR。","review.md；干净环境复验日志；风险清单；草稿 PR 标题与正文；维护者决定记录。","补丁可重复应用；目标与必要回归测试通过；敏感信息扫描通过；变更符合贡献指南；只有维护者批准后才创建草稿 PR。","模型可辅助审查和撰写 PR，但最终结论必须由未参与 B 阶段的用户确认。","仅修改任务授权范围；禁止携带密钥和个人数据；需要维护者批准后才能向上游提交。","等待B完成"
"P004-A","P004","Mastodon","A-复现与验收固化","","Improve reliability of profile website verification and/or implement alternative methods","https://github.com/mastodon/mastodon/issues/33025","在固定 commit 上复现候选 Issue，并把需求收敛为模型可执行、可自动判定的任务说明。","task-spec.md；最小复现；失败测试或确定性检查脚本；准确运行命令。","干净环境可重复得到预期失败；验收命令和期望结果明确；不修改生产实现；维护者确认任务边界。","可让模型分析仓库、生成复现步骤和测试，但不得让模型自行扩大需求范围。","仅修改任务授权范围；禁止访问真实个人数据；需要维护者批准后才能向上游提交。","待维护者确认"
"P004-B","P004","Mastodon","B-模型实现最小修复","P004-A","Improve reliability of profile website verification and/or implement alternative methods","https://github.com/mastodon/mastodon/issues/33025","基于 A 阶段锁定的任务说明和失败测试，使用模型完成最小范围实现。","model.patch；变更说明；目标测试与相关回归测试日志；模型与运行参数记录。","A 阶段失败测试转为通过；相关既有测试无回归；无无关重构、依赖或格式化；补丁不含密钥和个人数据。","模型只能在隔离容器和固定 commit 上工作；禁用自动发布、自动合并和生产凭据。","仅修改任务授权范围；禁止访问真实个人数据；需要维护者批准后才能向上游提交。","等待A完成"
"P004-C","P004","Mastodon","C-独立复验与草稿PR","P004-B","Improve reliability of profile website verification and/or implement alternative methods","https://github.com/mastodon/mastodon/issues/33025","由不同用户在干净环境独立复验补丁，检查回归、许可证、敏感信息和提交质量，并准备草稿 PR。","review.md；干净环境复验日志；风险清单；草稿 PR 标题与正文；维护者决定记录。","补丁可重复应用；目标与必要回归测试通过；敏感信息扫描通过；变更符合贡献指南；只有维护者批准后才创建草稿 PR。","模型可辅助审查和撰写 PR，但最终结论必须由未参与 B 阶段的用户确认。","仅修改任务授权范围；禁止访问真实个人数据；需要维护者批准后才能向上游提交。","等待B完成"
"P005-A","P005","Penpot","A-复现与验收固化","","Skipped-tokens warning details show raw HTML tags instead of a bulleted list","https://github.com/penpot/penpot/issues/11299","在固定 commit 上复现候选 Issue，并把需求收敛为模型可执行、可自动判定的任务说明。","task-spec.md；最小复现；失败测试或确定性检查脚本；准确运行命令。","干净环境可重复得到预期失败；验收命令和期望结果明确；不修改生产实现；维护者确认任务边界。","可让模型分析仓库、生成复现步骤和测试，但不得让模型自行扩大需求范围。","仅修改任务授权范围；禁止携带密钥和个人数据；需要维护者批准后才能向上游提交。","待维护者确认"
"P005-B","P005","Penpot","B-模型实现最小修复","P005-A","Skipped-tokens warning details show raw HTML tags instead of a bulleted list","https://github.com/penpot/penpot/issues/11299","基于 A 阶段锁定的任务说明和失败测试，使用模型完成最小范围实现。","model.patch；变更说明；目标测试与相关回归测试日志；模型与运行参数记录。","A 阶段失败测试转为通过；相关既有测试无回归；无无关重构、依赖或格式化；补丁不含密钥和个人数据。","模型只能在隔离容器和固定 commit 上工作；禁用自动发布、自动合并和生产凭据。","仅修改任务授权范围；禁止携带密钥和个人数据；需要维护者批准后才能向上游提交。","等待A完成"
"P005-C","P005","Penpot","C-独立复验与草稿PR","P005-B","Skipped-tokens warning details show raw HTML tags instead of a bulleted list","https://github.com/penpot/penpot/issues/11299","由不同用户在干净环境独立复验补丁，检查回归、许可证、敏感信息和提交质量，并准备草稿 PR。","review.md；干净环境复验日志；风险清单；草稿 PR 标题与正文；维护者决定记录。","补丁可重复应用；目标与必要回归测试通过；敏感信息扫描通过；变更符合贡献指南；只有维护者批准后才创建草稿 PR。","模型可辅助审查和撰写 PR，但最终结论必须由未参与 B 阶段的用户确认。","仅修改任务授权范围；禁止携带密钥和个人数据；需要维护者批准后才能向上游提交。","等待B完成"
"P006-A","P006","Element","A-复现与验收固化","","Flaky playwright test: `timeline/event-tile-view.spec.ts: keeps tile interaction states in the application DOM`","https://github.com/element-hq/element-web/issues/34682","在固定 commit 上复现候选 Issue，并把需求收敛为模型可执行、可自动判定的任务说明。","task-spec.md；最小复现；失败测试或确定性检查脚本；准确运行命令。","干净环境可重复得到预期失败；验收命令和期望结果明确；不修改生产实现；维护者确认任务边界。","可让模型分析仓库、生成复现步骤和测试，但不得让模型自行扩大需求范围。","仅修改任务授权范围；禁止携带密钥和个人数据；需要维护者批准后才能向上游提交。","待维护者确认"
"P006-B","P006","Element","B-模型实现最小修复","P006-A","Flaky playwright test: `timeline/event-tile-view.spec.ts: keeps tile interaction states in the application DOM`","https://github.com/element-hq/element-web/issues/34682","基于 A 阶段锁定的任务说明和失败测试，使用模型完成最小范围实现。","model.patch；变更说明；目标测试与相关回归测试日志；模型与运行参数记录。","A 阶段失败测试转为通过；相关既有测试无回归；无无关重构、依赖或格式化；补丁不含密钥和个人数据。","模型只能在隔离容器和固定 commit 上工作；禁用自动发布、自动合并和生产凭据。","仅修改任务授权范围；禁止携带密钥和个人数据；需要维护者批准后才能向上游提交。","等待A完成"
"P006-C","P006","Element","C-独立复验与草稿PR","P006-B","Flaky playwright test: `timeline/event-tile-view.spec.ts: keeps tile interaction states in the application DOM`","https://github.com/element-hq/element-web/issues/34682","由不同用户在干净环境独立复验补丁，检查回归、许可证、敏感信息和提交质量，并准备草稿 PR。","review.md；干净环境复验日志；风险清单；草稿 PR 标题与正文；维护者决定记录。","补丁可重复应用；目标与必要回归测试通过；敏感信息扫描通过；变更符合贡献指南；只有维护者批准后才创建草稿 PR。","模型可辅助审查和撰写 PR，但最终结论必须由未参与 B 阶段的用户确认。","仅修改任务授权范围；禁止携带密钥和个人数据；需要维护者批准后才能向上游提交。","等待B完成"
"P007-A","P007","Consul Democracy","A-复现与验收固化","","Sprockets error when using custom images","https://github.com/consuldemocracy/consuldemocracy/issues/4882","在固定 commit 上复现候选 Issue，并把需求收敛为模型可执行、可自动判定的任务说明。","task-spec.md；最小复现；失败测试或确定性检查脚本；准确运行命令。","干净环境可重复得到预期失败；验收命令和期望结果明确；不修改生产实现；维护者确认任务边界。","可让模型分析仓库、生成复现步骤和测试，但不得让模型自行扩大需求范围。","仅使用公开测试数据；禁止诊断、治疗、身份、支付或生产数据操作；需要维护者和领域专家双重批准。","待维护者确认"
"P007-B","P007","Consul Democracy","B-模型实现最小修复","P007-A","Sprockets error when using custom images","https://github.com/consuldemocracy/consuldemocracy/issues/4882","基于 A 阶段锁定的任务说明和失败测试，使用模型完成最小范围实现。","model.patch；变更说明；目标测试与相关回归测试日志；模型与运行参数记录。","A 阶段失败测试转为通过；相关既有测试无回归；无无关重构、依赖或格式化；补丁不含密钥和个人数据。","模型只能在隔离容器和固定 commit 上工作；禁用自动发布、自动合并和生产凭据。","仅使用公开测试数据；禁止诊断、治疗、身份、支付或生产数据操作；需要维护者和领域专家双重批准。","等待A完成"
"P007-C","P007","Consul Democracy","C-独立复验与草稿PR","P007-B","Sprockets error when using custom images","https://github.com/consuldemocracy/consuldemocracy/issues/4882","由不同用户在干净环境独立复验补丁，检查回归、许可证、敏感信息和提交质量，并准备草稿 PR。","review.md；干净环境复验日志；风险清单；草稿 PR 标题与正文；维护者决定记录。","补丁可重复应用；目标与必要回归测试通过；敏感信息扫描通过；变更符合贡献指南；只有维护者批准后才创建草稿 PR。","模型可辅助审查和撰写 PR，但最终结论必须由未参与 B 阶段的用户确认。","仅使用公开测试数据；禁止诊断、治疗、身份、支付或生产数据操作；需要维护者和领域专家双重批准。","等待B完成"
"P008-A","P008","QField","A-复现与验收固化","","Updating project from zip file causes app to crash since last update","https://github.com/opengisch/QField/issues/7829","在固定 commit 上复现候选 Issue，并把需求收敛为模型可执行、可自动判定的任务说明。","task-spec.md；最小复现；失败测试或确定性检查脚本；准确运行命令。","干净环境可重复得到预期失败；验收命令和期望结果明确；不修改生产实现；维护者确认任务边界。","可让模型分析仓库、生成复现步骤和测试，但不得让模型自行扩大需求范围。","仅修改任务授权范围；禁止携带密钥和个人数据；需要维护者批准后才能向上游提交。","待维护者确认"
"P008-B","P008","QField","B-模型实现最小修复","P008-A","Updating project from zip file causes app to crash since last update","https://github.com/opengisch/QField/issues/7829","基于 A 阶段锁定的任务说明和失败测试，使用模型完成最小范围实现。","model.patch；变更说明；目标测试与相关回归测试日志；模型与运行参数记录。","A 阶段失败测试转为通过；相关既有测试无回归；无无关重构、依赖或格式化；补丁不含密钥和个人数据。","模型只能在隔离容器和固定 commit 上工作；禁用自动发布、自动合并和生产凭据。","仅修改任务授权范围；禁止携带密钥和个人数据；需要维护者批准后才能向上游提交。","等待A完成"
"P008-C","P008","QField","C-独立复验与草稿PR","P008-B","Updating project from zip file causes app to crash since last update","https://github.com/opengisch/QField/issues/7829","由不同用户在干净环境独立复验补丁，检查回归、许可证、敏感信息和提交质量，并准备草稿 PR。","review.md；干净环境复验日志；风险清单；草稿 PR 标题与正文；维护者决定记录。","补丁可重复应用；目标与必要回归测试通过；敏感信息扫描通过；变更符合贡献指南；只有维护者批准后才创建草稿 PR。","模型可辅助审查和撰写 PR，但最终结论必须由未参与 B 阶段的用户确认。","仅修改任务授权范围；禁止携带密钥和个人数据；需要维护者批准后才能向上游提交。","等待B完成"
"P009-A","P009","PeerTube","A-复现与验收固化","","Plugin installation during development unclear","https://github.com/Chocobozzz/PeerTube/issues/7765","在固定 commit 上复现候选 Issue，并把需求收敛为模型可执行、可自动判定的任务说明。","task-spec.md；最小复现；失败测试或确定性检查脚本；准确运行命令。","干净环境可重复得到预期失败；验收命令和期望结果明确；不修改生产实现；维护者确认任务边界。","可让模型分析仓库、生成复现步骤和测试，但不得让模型自行扩大需求范围。","仅修改任务授权范围；禁止访问真实个人数据；需要维护者批准后才能向上游提交。","待维护者确认"
"P009-B","P009","PeerTube","B-模型实现最小修复","P009-A","Plugin installation during development unclear","https://github.com/Chocobozzz/PeerTube/issues/7765","基于 A 阶段锁定的任务说明和失败测试，使用模型完成最小范围实现。","model.patch；变更说明；目标测试与相关回归测试日志；模型与运行参数记录。","A 阶段失败测试转为通过；相关既有测试无回归；无无关重构、依赖或格式化；补丁不含密钥和个人数据。","模型只能在隔离容器和固定 commit 上工作；禁用自动发布、自动合并和生产凭据。","仅修改任务授权范围；禁止访问真实个人数据；需要维护者批准后才能向上游提交。","等待A完成"
"P009-C","P009","PeerTube","C-独立复验与草稿PR","P009-B","Plugin installation during development unclear","https://github.com/Chocobozzz/PeerTube/issues/7765","由不同用户在干净环境独立复验补丁，检查回归、许可证、敏感信息和提交质量，并准备草稿 PR。","review.md；干净环境复验日志；风险清单；草稿 PR 标题与正文；维护者决定记录。","补丁可重复应用；目标与必要回归测试通过；敏感信息扫描通过；变更符合贡献指南；只有维护者批准后才创建草稿 PR。","模型可辅助审查和撰写 PR，但最终结论必须由未参与 B 阶段的用户确认。","仅修改任务授权范围；禁止访问真实个人数据；需要维护者批准后才能向上游提交。","等待B完成"
"P010-A","P010","QGIS","A-复现与验收固化","","QGIS QGZ save error - ""Unable to perform zip""","https://github.com/qgis/QGIS/issues/52666","在固定 commit 上复现候选 Issue，并把需求收敛为模型可执行、可自动判定的任务说明。","task-spec.md；最小复现；失败测试或确定性检查脚本；准确运行命令。","干净环境可重复得到预期失败；验收命令和期望结果明确；不修改生产实现；维护者确认任务边界。","可让模型分析仓库、生成复现步骤和测试，但不得让模型自行扩大需求范围。","仅修改任务授权范围；禁止携带密钥和个人数据；需要维护者批准后才能向上游提交。","待维护者确认"
"P010-B","P010","QGIS","B-模型实现最小修复","P010-A","QGIS QGZ save error - ""Unable to perform zip""","https://github.com/qgis/QGIS/issues/52666","基于 A 阶段锁定的任务说明和失败测试，使用模型完成最小范围实现。","model.patch；变更说明；目标测试与相关回归测试日志；模型与运行参数记录。","A 阶段失败测试转为通过；相关既有测试无回归；无无关重构、依赖或格式化；补丁不含密钥和个人数据。","模型只能在隔离容器和固定 commit 上工作；禁用自动发布、自动合并和生产凭据。","仅修改任务授权范围；禁止携带密钥和个人数据；需要维护者批准后才能向上游提交。","等待A完成"
"P010-C","P010","QGIS","C-独立复验与草稿PR","P010-B","QGIS QGZ save error - ""Unable to perform zip""","https://github.com/qgis/QGIS/issues/52666","由不同用户在干净环境独立复验补丁，检查回归、许可证、敏感信息和提交质量，并准备草稿 PR。","review.md；干净环境复验日志；风险清单；草稿 PR 标题与正文；维护者决定记录。","补丁可重复应用；目标与必要回归测试通过；敏感信息扫描通过；变更符合贡献指南；只有维护者批准后才创建草稿 PR。","模型可辅助审查和撰写 PR，但最终结论必须由未参与 B 阶段的用户确认。","仅修改任务授权范围；禁止携带密钥和个人数据；需要维护者批准后才能向上游提交。","等待B完成"
"P011-A","P011","Joomla CMS","A-复现与验收固化","","[5.4] Error In Media Manager On Multiple Delete","https://github.com/joomla/joomla-cms/issues/48295","在固定 commit 上复现候选 Issue，并把需求收敛为模型可执行、可自动判定的任务说明。","task-spec.md；最小复现；失败测试或确定性检查脚本；准确运行命令。","干净环境可重复得到预期失败；验收命令和期望结果明确；不修改生产实现；维护者确认任务边界。","可让模型分析仓库、生成复现步骤和测试，但不得让模型自行扩大需求范围。","仅修改任务授权范围；禁止访问真实个人数据；需要维护者批准后才能向上游提交。","待维护者确认"
"P011-B","P011","Joomla CMS","B-模型实现最小修复","P011-A","[5.4] Error In Media Manager On Multiple Delete","https://github.com/joomla/joomla-cms/issues/48295","基于 A 阶段锁定的任务说明和失败测试，使用模型完成最小范围实现。","model.patch；变更说明；目标测试与相关回归测试日志；模型与运行参数记录。","A 阶段失败测试转为通过；相关既有测试无回归；无无关重构、依赖或格式化；补丁不含密钥和个人数据。","模型只能在隔离容器和固定 commit 上工作；禁用自动发布、自动合并和生产凭据。","仅修改任务授权范围；禁止访问真实个人数据；需要维护者批准后才能向上游提交。","等待A完成"
"P011-C","P011","Joomla CMS","C-独立复验与草稿PR","P011-B","[5.4] Error In Media Manager On Multiple Delete","https://github.com/joomla/joomla-cms/issues/48295","由不同用户在干净环境独立复验补丁，检查回归、许可证、敏感信息和提交质量，并准备草稿 PR。","review.md；干净环境复验日志；风险清单；草稿 PR 标题与正文；维护者决定记录。","补丁可重复应用；目标与必要回归测试通过；敏感信息扫描通过；变更符合贡献指南；只有维护者批准后才创建草稿 PR。","模型可辅助审查和撰写 PR，但最终结论必须由未参与 B 阶段的用户确认。","仅修改任务授权范围；禁止访问真实个人数据；需要维护者批准后才能向上游提交。","等待B完成"
"P012-A","P012","Decidim","A-复现与验收固化","","Machine translation system does not translate rich text empty fields","https://github.com/decidim/decidim/issues/14631","在固定 commit 上复现候选 Issue，并把需求收敛为模型可执行、可自动判定的任务说明。","task-spec.md；最小复现；失败测试或确定性检查脚本；准确运行命令。","干净环境可重复得到预期失败；验收命令和期望结果明确；不修改生产实现；维护者确认任务边界。","可让模型分析仓库、生成复现步骤和测试，但不得让模型自行扩大需求范围。","仅修改任务授权范围；禁止访问真实个人数据；需要维护者批准后才能向上游提交。","待维护者确认"
"P012-B","P012","Decidim","B-模型实现最小修复","P012-A","Machine translation system does not translate rich text empty fields","https://github.com/decidim/decidim/issues/14631","基于 A 阶段锁定的任务说明和失败测试，使用模型完成最小范围实现。","model.patch；变更说明；目标测试与相关回归测试日志；模型与运行参数记录。","A 阶段失败测试转为通过；相关既有测试无回归；无无关重构、依赖或格式化；补丁不含密钥和个人数据。","模型只能在隔离容器和固定 commit 上工作；禁用自动发布、自动合并和生产凭据。","仅修改任务授权范围；禁止访问真实个人数据；需要维护者批准后才能向上游提交。","等待A完成"
"P012-C","P012","Decidim","C-独立复验与草稿PR","P012-B","Machine translation system does not translate rich text empty fields","https://github.com/decidim/decidim/issues/14631","由不同用户在干净环境独立复验补丁，检查回归、许可证、敏感信息和提交质量，并准备草稿 PR。","review.md；干净环境复验日志；风险清单；草稿 PR 标题与正文；维护者决定记录。","补丁可重复应用；目标与必要回归测试通过；敏感信息扫描通过；变更符合贡献指南；只有维护者批准后才创建草稿 PR。","模型可辅助审查和撰写 PR，但最终结论必须由未参与 B 阶段的用户确认。","仅修改任务授权范围；禁止访问真实个人数据；需要维护者批准后才能向上游提交。","等待B完成"
"P013-A","P013","CKAN","A-复现与验收固化","","Accessibility issues","https://github.com/ckan/ckan/issues/7144","在固定 commit 上复现候选 Issue，并把需求收敛为模型可执行、可自动判定的任务说明。","task-spec.md；最小复现；失败测试或确定性检查脚本；准确运行命令。","干净环境可重复得到预期失败；验收命令和期望结果明确；不修改生产实现；维护者确认任务边界。","可让模型分析仓库、生成复现步骤和测试，但不得让模型自行扩大需求范围。","仅修改任务授权范围；禁止访问真实个人数据；需要维护者批准后才能向上游提交。","待维护者确认"
"P013-B","P013","CKAN","B-模型实现最小修复","P013-A","Accessibility issues","https://github.com/ckan/ckan/issues/7144","基于 A 阶段锁定的任务说明和失败测试，使用模型完成最小范围实现。","model.patch；变更说明；目标测试与相关回归测试日志；模型与运行参数记录。","A 阶段失败测试转为通过；相关既有测试无回归；无无关重构、依赖或格式化；补丁不含密钥和个人数据。","模型只能在隔离容器和固定 commit 上工作；禁用自动发布、自动合并和生产凭据。","仅修改任务授权范围；禁止访问真实个人数据；需要维护者批准后才能向上游提交。","等待A完成"
"P013-C","P013","CKAN","C-独立复验与草稿PR","P013-B","Accessibility issues","https://github.com/ckan/ckan/issues/7144","由不同用户在干净环境独立复验补丁，检查回归、许可证、敏感信息和提交质量，并准备草稿 PR。","review.md；干净环境复验日志；风险清单；草稿 PR 标题与正文；维护者决定记录。","补丁可重复应用；目标与必要回归测试通过；敏感信息扫描通过；变更符合贡献指南；只有维护者批准后才创建草稿 PR。","模型可辅助审查和撰写 PR，但最终结论必须由未参与 B 阶段的用户确认。","仅修改任务授权范围；禁止访问真实个人数据；需要维护者批准后才能向上游提交。","等待B完成"
"P014-A","P014","GLOBALEAKS","A-复现与验收固化","","GlobaLeaks fails to clean up .pid file on shutdown due to ConnectionLost exception in Tor teardown","https://github.com/globaleaks/globaleaks-whistleblowing-software/issues/4892","在固定 commit 上复现候选 Issue，并把需求收敛为模型可执行、可自动判定的任务说明。","task-spec.md；最小复现；失败测试或确定性检查脚本；准确运行命令。","干净环境可重复得到预期失败；验收命令和期望结果明确；不修改生产实现；维护者确认任务边界。","可让模型分析仓库、生成复现步骤和测试，但不得让模型自行扩大需求范围。","仅修改任务授权范围；禁止访问真实个人数据；需要维护者批准后才能向上游提交。","待维护者确认"
"P014-B","P014","GLOBALEAKS","B-模型实现最小修复","P014-A","GlobaLeaks fails to clean up .pid file on shutdown due to ConnectionLost exception in Tor teardown","https://github.com/globaleaks/globaleaks-whistleblowing-software/issues/4892","基于 A 阶段锁定的任务说明和失败测试，使用模型完成最小范围实现。","model.patch；变更说明；目标测试与相关回归测试日志；模型与运行参数记录。","A 阶段失败测试转为通过；相关既有测试无回归；无无关重构、依赖或格式化；补丁不含密钥和个人数据。","模型只能在隔离容器和固定 commit 上工作；禁用自动发布、自动合并和生产凭据。","仅修改任务授权范围；禁止访问真实个人数据；需要维护者批准后才能向上游提交。","等待A完成"
"P014-C","P014","GLOBALEAKS","C-独立复验与草稿PR","P014-B","GlobaLeaks fails to clean up .pid file on shutdown due to ConnectionLost exception in Tor teardown","https://github.com/globaleaks/globaleaks-whistleblowing-software/issues/4892","由不同用户在干净环境独立复验补丁，检查回归、许可证、敏感信息和提交质量，并准备草稿 PR。","review.md；干净环境复验日志；风险清单；草稿 PR 标题与正文；维护者决定记录。","补丁可重复应用；目标与必要回归测试通过；敏感信息扫描通过；变更符合贡献指南；只有维护者批准后才创建草稿 PR。","模型可辅助审查和撰写 PR，但最终结论必须由未参与 B 阶段的用户确认。","仅修改任务授权范围；禁止访问真实个人数据；需要维护者批准后才能向上游提交。","等待B完成"
"P015-A","P015","Kolibri","A-复现与验收固化","","0.20.0-alpha1 - Pre/post test and resources completion after a coach has already ended the current activity","https://github.com/learningequality/kolibri/issues/15195","在固定 commit 上复现候选 Issue，并把需求收敛为模型可执行、可自动判定的任务说明。","task-spec.md；最小复现；失败测试或确定性检查脚本；准确运行命令。","干净环境可重复得到预期失败；验收命令和期望结果明确；不修改生产实现；维护者确认任务边界。","可让模型分析仓库、生成复现步骤和测试，但不得让模型自行扩大需求范围。","仅修改任务授权范围；禁止访问真实个人数据；需要维护者批准后才能向上游提交。","待维护者确认"
"P015-B","P015","Kolibri","B-模型实现最小修复","P015-A","0.20.0-alpha1 - Pre/post test and resources completion after a coach has already ended the current activity","https://github.com/learningequality/kolibri/issues/15195","基于 A 阶段锁定的任务说明和失败测试，使用模型完成最小范围实现。","model.patch；变更说明；目标测试与相关回归测试日志；模型与运行参数记录。","A 阶段失败测试转为通过；相关既有测试无回归；无无关重构、依赖或格式化；补丁不含密钥和个人数据。","模型只能在隔离容器和固定 commit 上工作；禁用自动发布、自动合并和生产凭据。","仅修改任务授权范围；禁止访问真实个人数据；需要维护者批准后才能向上游提交。","等待A完成"
"P015-C","P015","Kolibri","C-独立复验与草稿PR","P015-B","0.20.0-alpha1 - Pre/post test and resources completion after a coach has already ended the current activity","https://github.com/learningequality/kolibri/issues/15195","由不同用户在干净环境独立复验补丁，检查回归、许可证、敏感信息和提交质量，并准备草稿 PR。","review.md；干净环境复验日志；风险清单；草稿 PR 标题与正文；维护者决定记录。","补丁可重复应用；目标与必要回归测试通过；敏感信息扫描通过；变更符合贡献指南；只有维护者批准后才创建草稿 PR。","模型可辅助审查和撰写 PR，但最终结论必须由未参与 B 阶段的用户确认。","仅修改任务授权范围；禁止访问真实个人数据；需要维护者批准后才能向上游提交。","等待B完成"
"P016-A","P016","CodeCarbon","A-复现与验收固化","","Top500 and Green500 emission factors","https://github.com/mlco2/codecarbon/issues/384","在固定 commit 上复现候选 Issue，并把需求收敛为模型可执行、可自动判定的任务说明。","task-spec.md；最小复现；失败测试或确定性检查脚本；准确运行命令。","干净环境可重复得到预期失败；验收命令和期望结果明确；不修改生产实现；维护者确认任务边界。","可让模型分析仓库、生成复现步骤和测试，但不得让模型自行扩大需求范围。","仅修改任务授权范围；禁止携带密钥和个人数据；需要维护者批准后才能向上游提交。","待维护者确认"
"P016-B","P016","CodeCarbon","B-模型实现最小修复","P016-A","Top500 and Green500 emission factors","https://github.com/mlco2/codecarbon/issues/384","基于 A 阶段锁定的任务说明和失败测试，使用模型完成最小范围实现。","model.patch；变更说明；目标测试与相关回归测试日志；模型与运行参数记录。","A 阶段失败测试转为通过；相关既有测试无回归；无无关重构、依赖或格式化；补丁不含密钥和个人数据。","模型只能在隔离容器和固定 commit 上工作；禁用自动发布、自动合并和生产凭据。","仅修改任务授权范围；禁止携带密钥和个人数据；需要维护者批准后才能向上游提交。","等待A完成"
"P016-C","P016","CodeCarbon","C-独立复验与草稿PR","P016-B","Top500 and Green500 emission factors","https://github.com/mlco2/codecarbon/issues/384","由不同用户在干净环境独立复验补丁，检查回归、许可证、敏感信息和提交质量，并准备草稿 PR。","review.md；干净环境复验日志；风险清单；草稿 PR 标题与正文；维护者决定记录。","补丁可重复应用；目标与必要回归测试通过；敏感信息扫描通过；变更符合贡献指南；只有维护者批准后才创建草稿 PR。","模型可辅助审查和撰写 PR，但最终结论必须由未参与 B 阶段的用户确认。","仅修改任务授权范围；禁止携带密钥和个人数据；需要维护者批准后才能向上游提交。","等待B完成"
"P017-A","P017","Synthea","A-复现与验收固化","","Add ""resourceType"": ""ExplanationOfBenefit"" to CCDA export","https://github.com/synthetichealth/synthea/issues/570","在固定 commit 上复现候选 Issue，并把需求收敛为模型可执行、可自动判定的任务说明。","task-spec.md；最小复现；失败测试或确定性检查脚本；准确运行命令。","干净环境可重复得到预期失败；验收命令和期望结果明确；不修改生产实现；维护者确认任务边界。","可让模型分析仓库、生成复现步骤和测试，但不得让模型自行扩大需求范围。","仅使用公开测试数据；禁止诊断、治疗、身份、支付或生产数据操作；需要维护者和领域专家双重批准。","待维护者确认"
"P017-B","P017","Synthea","B-模型实现最小修复","P017-A","Add ""resourceType"": ""ExplanationOfBenefit"" to CCDA export","https://github.com/synthetichealth/synthea/issues/570","基于 A 阶段锁定的任务说明和失败测试，使用模型完成最小范围实现。","model.patch；变更说明；目标测试与相关回归测试日志；模型与运行参数记录。","A 阶段失败测试转为通过；相关既有测试无回归；无无关重构、依赖或格式化；补丁不含密钥和个人数据。","模型只能在隔离容器和固定 commit 上工作；禁用自动发布、自动合并和生产凭据。","仅使用公开测试数据；禁止诊断、治疗、身份、支付或生产数据操作；需要维护者和领域专家双重批准。","等待A完成"
"P017-C","P017","Synthea","C-独立复验与草稿PR","P017-B","Add ""resourceType"": ""ExplanationOfBenefit"" to CCDA export","https://github.com/synthetichealth/synthea/issues/570","由不同用户在干净环境独立复验补丁，检查回归、许可证、敏感信息和提交质量，并准备草稿 PR。","review.md；干净环境复验日志；风险清单；草稿 PR 标题与正文；维护者决定记录。","补丁可重复应用；目标与必要回归测试通过；敏感信息扫描通过；变更符合贡献指南；只有维护者批准后才创建草稿 PR。","模型可辅助审查和撰写 PR，但最终结论必须由未参与 B 阶段的用户确认。","仅使用公开测试数据；禁止诊断、治疗、身份、支付或生产数据操作；需要维护者和领域专家双重批准。","等待B完成"
"P018-A","P018","Querido Diário","A-复现与验收固化","","Tutorial testes","https://github.com/okfn-brasil/querido-diario/issues/1444","在固定 commit 上复现候选 Issue，并把需求收敛为模型可执行、可自动判定的任务说明。","task-spec.md；最小复现；失败测试或确定性检查脚本；准确运行命令。","干净环境可重复得到预期失败；验收命令和期望结果明确；不修改生产实现；维护者确认任务边界。","可让模型分析仓库、生成复现步骤和测试，但不得让模型自行扩大需求范围。","仅修改任务授权范围；禁止访问真实个人数据；需要维护者批准后才能向上游提交。","待维护者确认"
"P018-B","P018","Querido Diário","B-模型实现最小修复","P018-A","Tutorial testes","https://github.com/okfn-brasil/querido-diario/issues/1444","基于 A 阶段锁定的任务说明和失败测试，使用模型完成最小范围实现。","model.patch；变更说明；目标测试与相关回归测试日志；模型与运行参数记录。","A 阶段失败测试转为通过；相关既有测试无回归；无无关重构、依赖或格式化；补丁不含密钥和个人数据。","模型只能在隔离容器和固定 commit 上工作；禁用自动发布、自动合并和生产凭据。","仅修改任务授权范围；禁止访问真实个人数据；需要维护者批准后才能向上游提交。","等待A完成"
"P018-C","P018","Querido Diário","C-独立复验与草稿PR","P018-B","Tutorial testes","https://github.com/okfn-brasil/querido-diario/issues/1444","由不同用户在干净环境独立复验补丁，检查回归、许可证、敏感信息和提交质量，并准备草稿 PR。","review.md；干净环境复验日志；风险清单；草稿 PR 标题与正文；维护者决定记录。","补丁可重复应用；目标与必要回归测试通过；敏感信息扫描通过；变更符合贡献指南；只有维护者批准后才创建草稿 PR。","模型可辅助审查和撰写 PR，但最终结论必须由未参与 B 阶段的用户确认。","仅修改任务授权范围；禁止访问真实个人数据；需要维护者批准后才能向上游提交。","等待B完成"
"P019-A","P019","Pol.is","A-复现与验收固化","","test_postgres_real_data is silently skipped in CI (empty database)","https://github.com/compdemocracy/polis/issues/2444","在固定 commit 上复现候选 Issue，并把需求收敛为模型可执行、可自动判定的任务说明。","task-spec.md；最小复现；失败测试或确定性检查脚本；准确运行命令。","干净环境可重复得到预期失败；验收命令和期望结果明确；不修改生产实现；维护者确认任务边界。","可让模型分析仓库、生成复现步骤和测试，但不得让模型自行扩大需求范围。","仅使用公开测试数据；禁止诊断、治疗、身份、支付或生产数据操作；需要维护者和领域专家双重批准。","待维护者确认"
"P019-B","P019","Pol.is","B-模型实现最小修复","P019-A","test_postgres_real_data is silently skipped in CI (empty database)","https://github.com/compdemocracy/polis/issues/2444","基于 A 阶段锁定的任务说明和失败测试，使用模型完成最小范围实现。","model.patch；变更说明；目标测试与相关回归测试日志；模型与运行参数记录。","A 阶段失败测试转为通过；相关既有测试无回归；无无关重构、依赖或格式化；补丁不含密钥和个人数据。","模型只能在隔离容器和固定 commit 上工作；禁用自动发布、自动合并和生产凭据。","仅使用公开测试数据；禁止诊断、治疗、身份、支付或生产数据操作；需要维护者和领域专家双重批准。","等待A完成"
"P019-C","P019","Pol.is","C-独立复验与草稿PR","P019-B","test_postgres_real_data is silently skipped in CI (empty database)","https://github.com/compdemocracy/polis/issues/2444","由不同用户在干净环境独立复验补丁，检查回归、许可证、敏感信息和提交质量，并准备草稿 PR。","review.md；干净环境复验日志；风险清单；草稿 PR 标题与正文；维护者决定记录。","补丁可重复应用；目标与必要回归测试通过；敏感信息扫描通过；变更符合贡献指南；只有维护者批准后才创建草稿 PR。","模型可辅助审查和撰写 PR，但最终结论必须由未参与 B 阶段的用户确认。","仅使用公开测试数据；禁止诊断、治疗、身份、支付或生产数据操作；需要维护者和领域专家双重批准。","等待B完成"
"P020-A","P020","OpenCRVS","A-复现与验收固化","","Form action crashes with RangeError when two fields hide each other","https://github.com/opencrvs/opencrvs-core/issues/13544","在固定 commit 上复现候选 Issue，并把需求收敛为模型可执行、可自动判定的任务说明。","task-spec.md；最小复现；失败测试或确定性检查脚本；准确运行命令。","干净环境可重复得到预期失败；验收命令和期望结果明确；不修改生产实现；维护者确认任务边界。","可让模型分析仓库、生成复现步骤和测试，但不得让模型自行扩大需求范围。","仅使用公开测试数据；禁止诊断、治疗、身份、支付或生产数据操作；需要维护者和领域专家双重批准。","待维护者确认"
"P020-B","P020","OpenCRVS","B-模型实现最小修复","P020-A","Form action crashes with RangeError when two fields hide each other","https://github.com/opencrvs/opencrvs-core/issues/13544","基于 A 阶段锁定的任务说明和失败测试，使用模型完成最小范围实现。","model.patch；变更说明；目标测试与相关回归测试日志；模型与运行参数记录。","A 阶段失败测试转为通过；相关既有测试无回归；无无关重构、依赖或格式化；补丁不含密钥和个人数据。","模型只能在隔离容器和固定 commit 上工作；禁用自动发布、自动合并和生产凭据。","仅使用公开测试数据；禁止诊断、治疗、身份、支付或生产数据操作；需要维护者和领域专家双重批准。","等待A完成"
"P020-C","P020","OpenCRVS","C-独立复验与草稿PR","P020-B","Form action crashes with RangeError when two fields hide each other","https://github.com/opencrvs/opencrvs-core/issues/13544","由不同用户在干净环境独立复验补丁，检查回归、许可证、敏感信息和提交质量，并准备草稿 PR。","review.md；干净环境复验日志；风险清单；草稿 PR 标题与正文；维护者决定记录。","补丁可重复应用；目标与必要回归测试通过；敏感信息扫描通过；变更符合贡献指南；只有维护者批准后才创建草稿 PR。","模型可辅助审查和撰写 PR，但最终结论必须由未参与 B 阶段的用户确认。","仅使用公开测试数据；禁止诊断、治疗、身份、支付或生产数据操作；需要维护者和领域专家双重批准。","等待B完成"
"P021-A","P021","Community Health Toolkit","A-复现与验收固化","","Investigate loading externally hosted media into forms","https://github.com/medic/cht-core/issues/10323","在固定 commit 上复现候选 Issue，并把需求收敛为模型可执行、可自动判定的任务说明。","task-spec.md；最小复现；失败测试或确定性检查脚本；准确运行命令。","干净环境可重复得到预期失败；验收命令和期望结果明确；不修改生产实现；维护者确认任务边界。","可让模型分析仓库、生成复现步骤和测试，但不得让模型自行扩大需求范围。","仅使用公开测试数据；禁止诊断、治疗、身份、支付或生产数据操作；需要维护者和领域专家双重批准。","待维护者确认"
"P021-B","P021","Community Health Toolkit","B-模型实现最小修复","P021-A","Investigate loading externally hosted media into forms","https://github.com/medic/cht-core/issues/10323","基于 A 阶段锁定的任务说明和失败测试，使用模型完成最小范围实现。","model.patch；变更说明；目标测试与相关回归测试日志；模型与运行参数记录。","A 阶段失败测试转为通过；相关既有测试无回归；无无关重构、依赖或格式化；补丁不含密钥和个人数据。","模型只能在隔离容器和固定 commit 上工作；禁用自动发布、自动合并和生产凭据。","仅使用公开测试数据；禁止诊断、治疗、身份、支付或生产数据操作；需要维护者和领域专家双重批准。","等待A完成"
"P021-C","P021","Community Health Toolkit","C-独立复验与草稿PR","P021-B","Investigate loading externally hosted media into forms","https://github.com/medic/cht-core/issues/10323","由不同用户在干净环境独立复验补丁，检查回归、许可证、敏感信息和提交质量，并准备草稿 PR。","review.md；干净环境复验日志；风险清单；草稿 PR 标题与正文；维护者决定记录。","补丁可重复应用；目标与必要回归测试通过；敏感信息扫描通过；变更符合贡献指南；只有维护者批准后才创建草稿 PR。","模型可辅助审查和撰写 PR，但最终结论必须由未参与 B 阶段的用户确认。","仅使用公开测试数据；禁止诊断、治疗、身份、支付或生产数据操作；需要维护者和领域专家双重批准。","等待B完成"
"P022-A","P022","Janssen Project","A-复现与验收固化","","refactor(fido2): Organise and rename the Fido external authenticator script to `Passkey Interception Script`","https://github.com/JanssenProject/jans/issues/9578","在固定 commit 上复现候选 Issue，并把需求收敛为模型可执行、可自动判定的任务说明。","task-spec.md；最小复现；失败测试或确定性检查脚本；准确运行命令。","干净环境可重复得到预期失败；验收命令和期望结果明确；不修改生产实现；维护者确认任务边界。","可让模型分析仓库、生成复现步骤和测试，但不得让模型自行扩大需求范围。","仅使用公开测试数据；禁止诊断、治疗、身份、支付或生产数据操作；需要维护者和领域专家双重批准。","待维护者确认"
"P022-B","P022","Janssen Project","B-模型实现最小修复","P022-A","refactor(fido2): Organise and rename the Fido external authenticator script to `Passkey Interception Script`","https://github.com/JanssenProject/jans/issues/9578","基于 A 阶段锁定的任务说明和失败测试，使用模型完成最小范围实现。","model.patch；变更说明；目标测试与相关回归测试日志；模型与运行参数记录。","A 阶段失败测试转为通过；相关既有测试无回归；无无关重构、依赖或格式化；补丁不含密钥和个人数据。","模型只能在隔离容器和固定 commit 上工作；禁用自动发布、自动合并和生产凭据。","仅使用公开测试数据；禁止诊断、治疗、身份、支付或生产数据操作；需要维护者和领域专家双重批准。","等待A完成"
"P022-C","P022","Janssen Project","C-独立复验与草稿PR","P022-B","refactor(fido2): Organise and rename the Fido external authenticator script to `Passkey Interception Script`","https://github.com/JanssenProject/jans/issues/9578","由不同用户在干净环境独立复验补丁，检查回归、许可证、敏感信息和提交质量，并准备草稿 PR。","review.md；干净环境复验日志；风险清单；草稿 PR 标题与正文；维护者决定记录。","补丁可重复应用；目标与必要回归测试通过；敏感信息扫描通过；变更符合贡献指南；只有维护者批准后才创建草稿 PR。","模型可辅助审查和撰写 PR，但最终结论必须由未参与 B 阶段的用户确认。","仅使用公开测试数据；禁止诊断、治疗、身份、支付或生产数据操作；需要维护者和领域专家双重批准。","等待B完成"
"P023-A","P023","Uwazi","A-复现与验收固化","","Google tiles provider crashes: L.GridLayer.GoogleMutant is not a constructor","https://github.com/huridocs/uwazi/issues/9585","在固定 commit 上复现候选 Issue，并把需求收敛为模型可执行、可自动判定的任务说明。","task-spec.md；最小复现；失败测试或确定性检查脚本；准确运行命令。","干净环境可重复得到预期失败；验收命令和期望结果明确；不修改生产实现；维护者确认任务边界。","可让模型分析仓库、生成复现步骤和测试，但不得让模型自行扩大需求范围。","仅修改任务授权范围；禁止访问真实个人数据；需要维护者批准后才能向上游提交。","待维护者确认"
"P023-B","P023","Uwazi","B-模型实现最小修复","P023-A","Google tiles provider crashes: L.GridLayer.GoogleMutant is not a constructor","https://github.com/huridocs/uwazi/issues/9585","基于 A 阶段锁定的任务说明和失败测试，使用模型完成最小范围实现。","model.patch；变更说明；目标测试与相关回归测试日志；模型与运行参数记录。","A 阶段失败测试转为通过；相关既有测试无回归；无无关重构、依赖或格式化；补丁不含密钥和个人数据。","模型只能在隔离容器和固定 commit 上工作；禁用自动发布、自动合并和生产凭据。","仅修改任务授权范围；禁止访问真实个人数据；需要维护者批准后才能向上游提交。","等待A完成"
"P023-C","P023","Uwazi","C-独立复验与草稿PR","P023-B","Google tiles provider crashes: L.GridLayer.GoogleMutant is not a constructor","https://github.com/huridocs/uwazi/issues/9585","由不同用户在干净环境独立复验补丁，检查回归、许可证、敏感信息和提交质量，并准备草稿 PR。","review.md；干净环境复验日志；风险清单；草稿 PR 标题与正文；维护者决定记录。","补丁可重复应用；目标与必要回归测试通过；敏感信息扫描通过；变更符合贡献指南；只有维护者批准后才创建草稿 PR。","模型可辅助审查和撰写 PR，但最终结论必须由未参与 B 阶段的用户确认。","仅修改任务授权范围；禁止访问真实个人数据；需要维护者批准后才能向上游提交。","等待B完成"
"P024-A","P024","Designsystemet","A-复现与验收固化","","Update accessibility content for all components","https://github.com/digdir/designsystemet/issues/4286","在固定 commit 上复现候选 Issue，并把需求收敛为模型可执行、可自动判定的任务说明。","task-spec.md；最小复现；失败测试或确定性检查脚本；准确运行命令。","干净环境可重复得到预期失败；验收命令和期望结果明确；不修改生产实现；维护者确认任务边界。","可让模型分析仓库、生成复现步骤和测试，但不得让模型自行扩大需求范围。","仅修改任务授权范围；禁止访问真实个人数据；需要维护者批准后才能向上游提交。","待维护者确认"
"P024-B","P024","Designsystemet","B-模型实现最小修复","P024-A","Update accessibility content for all components","https://github.com/digdir/designsystemet/issues/4286","基于 A 阶段锁定的任务说明和失败测试，使用模型完成最小范围实现。","model.patch；变更说明；目标测试与相关回归测试日志；模型与运行参数记录。","A 阶段失败测试转为通过；相关既有测试无回归；无无关重构、依赖或格式化；补丁不含密钥和个人数据。","模型只能在隔离容器和固定 commit 上工作；禁用自动发布、自动合并和生产凭据。","仅修改任务授权范围；禁止访问真实个人数据；需要维护者批准后才能向上游提交。","等待A完成"
"P024-C","P024","Designsystemet","C-独立复验与草稿PR","P024-B","Update accessibility content for all components","https://github.com/digdir/designsystemet/issues/4286","由不同用户在干净环境独立复验补丁，检查回归、许可证、敏感信息和提交质量，并准备草稿 PR。","review.md；干净环境复验日志；风险清单；草稿 PR 标题与正文；维护者决定记录。","补丁可重复应用；目标与必要回归测试通过；敏感信息扫描通过；变更符合贡献指南；只有维护者批准后才创建草稿 PR。","模型可辅助审查和撰写 PR，但最终结论必须由未参与 B 阶段的用户确认。","仅修改任务授权范围；禁止访问真实个人数据；需要维护者批准后才能向上游提交。","等待B完成"
"P025-A","P025","FormSG","A-复现与验收固化","","fix(mrf): option `Others` on Radio and Checkbox cannot be read if it overflows and unassigned","https://github.com/opengovsg/FormSG/issues/9051","在固定 commit 上复现候选 Issue，并把需求收敛为模型可执行、可自动判定的任务说明。","task-spec.md；最小复现；失败测试或确定性检查脚本；准确运行命令。","干净环境可重复得到预期失败；验收命令和期望结果明确；不修改生产实现；维护者确认任务边界。","可让模型分析仓库、生成复现步骤和测试，但不得让模型自行扩大需求范围。","仅修改任务授权范围；禁止访问真实个人数据；需要维护者批准后才能向上游提交。","待维护者确认"
"P025-B","P025","FormSG","B-模型实现最小修复","P025-A","fix(mrf): option `Others` on Radio and Checkbox cannot be read if it overflows and unassigned","https://github.com/opengovsg/FormSG/issues/9051","基于 A 阶段锁定的任务说明和失败测试，使用模型完成最小范围实现。","model.patch；变更说明；目标测试与相关回归测试日志；模型与运行参数记录。","A 阶段失败测试转为通过；相关既有测试无回归；无无关重构、依赖或格式化；补丁不含密钥和个人数据。","模型只能在隔离容器和固定 commit 上工作；禁用自动发布、自动合并和生产凭据。","仅修改任务授权范围；禁止访问真实个人数据；需要维护者批准后才能向上游提交。","等待A完成"
"P025-C","P025","FormSG","C-独立复验与草稿PR","P025-B","fix(mrf): option `Others` on Radio and Checkbox cannot be read if it overflows and unassigned","https://github.com/opengovsg/FormSG/issues/9051","由不同用户在干净环境独立复验补丁，检查回归、许可证、敏感信息和提交质量，并准备草稿 PR。","review.md；干净环境复验日志；风险清单；草稿 PR 标题与正文；维护者决定记录。","补丁可重复应用；目标与必要回归测试通过；敏感信息扫描通过；变更符合贡献指南；只有维护者批准后才创建草稿 PR。","模型可辅助审查和撰写 PR，但最终结论必须由未参与 B 阶段的用户确认。","仅修改任务授权范围；禁止访问真实个人数据；需要维护者批准后才能向上游提交。","等待B完成"
"P026-A","P026","Altinn","A-复现与验收固化","","Update v9 documentation with changes from v8","https://github.com/Altinn/altinn-studio/issues/20047","在固定 commit 上复现候选 Issue，并把需求收敛为模型可执行、可自动判定的任务说明。","task-spec.md；最小复现；失败测试或确定性检查脚本；准确运行命令。","干净环境可重复得到预期失败；验收命令和期望结果明确；不修改生产实现；维护者确认任务边界。","可让模型分析仓库、生成复现步骤和测试，但不得让模型自行扩大需求范围。","仅使用公开测试数据；禁止诊断、治疗、身份、支付或生产数据操作；需要维护者和领域专家双重批准。","待维护者确认"
"P026-B","P026","Altinn","B-模型实现最小修复","P026-A","Update v9 documentation with changes from v8","https://github.com/Altinn/altinn-studio/issues/20047","基于 A 阶段锁定的任务说明和失败测试，使用模型完成最小范围实现。","model.patch；变更说明；目标测试与相关回归测试日志；模型与运行参数记录。","A 阶段失败测试转为通过；相关既有测试无回归；无无关重构、依赖或格式化；补丁不含密钥和个人数据。","模型只能在隔离容器和固定 commit 上工作；禁用自动发布、自动合并和生产凭据。","仅使用公开测试数据；禁止诊断、治疗、身份、支付或生产数据操作；需要维护者和领域专家双重批准。","等待A完成"
"P026-C","P026","Altinn","C-独立复验与草稿PR","P026-B","Update v9 documentation with changes from v8","https://github.com/Altinn/altinn-studio/issues/20047","由不同用户在干净环境独立复验补丁，检查回归、许可证、敏感信息和提交质量，并准备草稿 PR。","review.md；干净环境复验日志；风险清单；草稿 PR 标题与正文；维护者决定记录。","补丁可重复应用；目标与必要回归测试通过；敏感信息扫描通过；变更符合贡献指南；只有维护者批准后才创建草稿 PR。","模型可辅助审查和撰写 PR，但最终结论必须由未参与 B 阶段的用户确认。","仅使用公开测试数据；禁止诊断、治疗、身份、支付或生产数据操作；需要维护者和领域专家双重批准。","等待B完成"
"P027-A","P027","OpenELIS Global","A-复现与验收固化","","mvn clean verify fails: 2 test failures + 6 errors in ResultCalculation, OrderEntry, and TestCatalog suites","https://github.com/DIGI-UW/OpenELIS-Global-2/issues/3994","在固定 commit 上复现候选 Issue，并把需求收敛为模型可执行、可自动判定的任务说明。","task-spec.md；最小复现；失败测试或确定性检查脚本；准确运行命令。","干净环境可重复得到预期失败；验收命令和期望结果明确；不修改生产实现；维护者确认任务边界。","可让模型分析仓库、生成复现步骤和测试，但不得让模型自行扩大需求范围。","仅使用公开测试数据；禁止诊断、治疗、身份、支付或生产数据操作；需要维护者和领域专家双重批准。","待维护者确认"
"P027-B","P027","OpenELIS Global","B-模型实现最小修复","P027-A","mvn clean verify fails: 2 test failures + 6 errors in ResultCalculation, OrderEntry, and TestCatalog suites","https://github.com/DIGI-UW/OpenELIS-Global-2/issues/3994","基于 A 阶段锁定的任务说明和失败测试，使用模型完成最小范围实现。","model.patch；变更说明；目标测试与相关回归测试日志；模型与运行参数记录。","A 阶段失败测试转为通过；相关既有测试无回归；无无关重构、依赖或格式化；补丁不含密钥和个人数据。","模型只能在隔离容器和固定 commit 上工作；禁用自动发布、自动合并和生产凭据。","仅使用公开测试数据；禁止诊断、治疗、身份、支付或生产数据操作；需要维护者和领域专家双重批准。","等待A完成"
"P027-C","P027","OpenELIS Global","C-独立复验与草稿PR","P027-B","mvn clean verify fails: 2 test failures + 6 errors in ResultCalculation, OrderEntry, and TestCatalog suites","https://github.com/DIGI-UW/OpenELIS-Global-2/issues/3994","由不同用户在干净环境独立复验补丁，检查回归、许可证、敏感信息和提交质量，并准备草稿 PR。","review.md；干净环境复验日志；风险清单；草稿 PR 标题与正文；维护者决定记录。","补丁可重复应用；目标与必要回归测试通过；敏感信息扫描通过；变更符合贡献指南；只有维护者批准后才创建草稿 PR。","模型可辅助审查和撰写 PR，但最终结论必须由未参与 B 阶段的用户确认。","仅使用公开测试数据；禁止诊断、治疗、身份、支付或生产数据操作；需要维护者和领域专家双重批准。","等待B完成"
"P028-A","P028","Chamilo","A-复现与验收固化","","LDAP Authentication","https://github.com/chamilo/chamilo-lms/issues/8528","在固定 commit 上复现候选 Issue，并把需求收敛为模型可执行、可自动判定的任务说明。","task-spec.md；最小复现；失败测试或确定性检查脚本；准确运行命令。","干净环境可重复得到预期失败；验收命令和期望结果明确；不修改生产实现；维护者确认任务边界。","可让模型分析仓库、生成复现步骤和测试，但不得让模型自行扩大需求范围。","仅修改任务授权范围；禁止访问真实个人数据；需要维护者批准后才能向上游提交。","待维护者确认"
"P028-B","P028","Chamilo","B-模型实现最小修复","P028-A","LDAP Authentication","https://github.com/chamilo/chamilo-lms/issues/8528","基于 A 阶段锁定的任务说明和失败测试，使用模型完成最小范围实现。","model.patch；变更说明；目标测试与相关回归测试日志；模型与运行参数记录。","A 阶段失败测试转为通过；相关既有测试无回归；无无关重构、依赖或格式化；补丁不含密钥和个人数据。","模型只能在隔离容器和固定 commit 上工作；禁用自动发布、自动合并和生产凭据。","仅修改任务授权范围；禁止访问真实个人数据；需要维护者批准后才能向上游提交。","等待A完成"
"P028-C","P028","Chamilo","C-独立复验与草稿PR","P028-B","LDAP Authentication","https://github.com/chamilo/chamilo-lms/issues/8528","由不同用户在干净环境独立复验补丁，检查回归、许可证、敏感信息和提交质量，并准备草稿 PR。","review.md；干净环境复验日志；风险清单；草稿 PR 标题与正文；维护者决定记录。","补丁可重复应用；目标与必要回归测试通过；敏感信息扫描通过；变更符合贡献指南；只有维护者批准后才创建草稿 PR。","模型可辅助审查和撰写 PR，但最终结论必须由未参与 B 阶段的用户确认。","仅修改任务授权范围；禁止访问真实个人数据；需要维护者批准后才能向上游提交。","等待B完成"
"P029-A","P029","Surveillance Outbreak Response Management and Analysis System","A-复现与验收固化","","Sample directory. Filtering by case classification does not work for some items in the dropdown.","https://github.com/SORMAS-Foundation/SORMAS-Project/issues/14089","在固定 commit 上复现候选 Issue，并把需求收敛为模型可执行、可自动判定的任务说明。","task-spec.md；最小复现；失败测试或确定性检查脚本；准确运行命令。","干净环境可重复得到预期失败；验收命令和期望结果明确；不修改生产实现；维护者确认任务边界。","可让模型分析仓库、生成复现步骤和测试，但不得让模型自行扩大需求范围。","仅使用公开测试数据；禁止诊断、治疗、身份、支付或生产数据操作；需要维护者和领域专家双重批准。","待维护者确认"
"P029-B","P029","Surveillance Outbreak Response Management and Analysis System","B-模型实现最小修复","P029-A","Sample directory. Filtering by case classification does not work for some items in the dropdown.","https://github.com/SORMAS-Foundation/SORMAS-Project/issues/14089","基于 A 阶段锁定的任务说明和失败测试，使用模型完成最小范围实现。","model.patch；变更说明；目标测试与相关回归测试日志；模型与运行参数记录。","A 阶段失败测试转为通过；相关既有测试无回归；无无关重构、依赖或格式化；补丁不含密钥和个人数据。","模型只能在隔离容器和固定 commit 上工作；禁用自动发布、自动合并和生产凭据。","仅使用公开测试数据；禁止诊断、治疗、身份、支付或生产数据操作；需要维护者和领域专家双重批准。","等待A完成"
"P029-C","P029","Surveillance Outbreak Response Management and Analysis System","C-独立复验与草稿PR","P029-B","Sample directory. Filtering by case classification does not work for some items in the dropdown.","https://github.com/SORMAS-Foundation/SORMAS-Project/issues/14089","由不同用户在干净环境独立复验补丁，检查回归、许可证、敏感信息和提交质量，并准备草稿 PR。","review.md；干净环境复验日志；风险清单；草稿 PR 标题与正文；维护者决定记录。","补丁可重复应用；目标与必要回归测试通过；敏感信息扫描通过；变更符合贡献指南；只有维护者批准后才创建草稿 PR。","模型可辅助审查和撰写 PR，但最终结论必须由未参与 B 阶段的用户确认。","仅使用公开测试数据；禁止诊断、治疗、身份、支付或生产数据操作；需要维护者和领域专家双重批准。","等待B完成"
"P030-A","P030","WSO2 Identity Server","A-复现与验收固化","","[React Doctor] rendering-usetransition-loading: useState for ""isLoading"" — if this guards a state transition (not an async fe... (11 occurrences)","https://github.com/wso2/product-is/issues/27952","在固定 commit 上复现候选 Issue，并把需求收敛为模型可执行、可自动判定的任务说明。","task-spec.md；最小复现；失败测试或确定性检查脚本；准确运行命令。","干净环境可重复得到预期失败；验收命令和期望结果明确；不修改生产实现；维护者确认任务边界。","可让模型分析仓库、生成复现步骤和测试，但不得让模型自行扩大需求范围。","仅使用公开测试数据；禁止诊断、治疗、身份、支付或生产数据操作；需要维护者和领域专家双重批准。","待维护者确认"
"P030-B","P030","WSO2 Identity Server","B-模型实现最小修复","P030-A","[React Doctor] rendering-usetransition-loading: useState for ""isLoading"" — if this guards a state transition (not an async fe... (11 occurrences)","https://github.com/wso2/product-is/issues/27952","基于 A 阶段锁定的任务说明和失败测试，使用模型完成最小范围实现。","model.patch；变更说明；目标测试与相关回归测试日志；模型与运行参数记录。","A 阶段失败测试转为通过；相关既有测试无回归；无无关重构、依赖或格式化；补丁不含密钥和个人数据。","模型只能在隔离容器和固定 commit 上工作；禁用自动发布、自动合并和生产凭据。","仅使用公开测试数据；禁止诊断、治疗、身份、支付或生产数据操作；需要维护者和领域专家双重批准。","等待A完成"
"P030-C","P030","WSO2 Identity Server","C-独立复验与草稿PR","P030-B","[React Doctor] rendering-usetransition-loading: useState for ""isLoading"" — if this guards a state transition (not an async fe... (11 occurrences)","https://github.com/wso2/product-is/issues/27952","由不同用户在干净环境独立复验补丁，检查回归、许可证、敏感信息和提交质量，并准备草稿 PR。","review.md；干净环境复验日志；风险清单；草稿 PR 标题与正文；维护者决定记录。","补丁可重复应用；目标与必要回归测试通过；敏感信息扫描通过；变更符合贡献指南；只有维护者批准后才创建草稿 PR。","模型可辅助审查和撰写 PR，但最终结论必须由未参与 B 阶段的用户确认。","仅使用公开测试数据；禁止诊断、治疗、身份、支付或生产数据操作；需要维护者和领域专家双重批准。","等待B完成"
"P031-A","P031","OpenFn","A-复现与验收固化","","When deleting a sandbox with dependents, provide a warning","https://github.com/OpenFn/lightning/issues/4667","在固定 commit 上复现候选 Issue，并把需求收敛为模型可执行、可自动判定的任务说明。","task-spec.md；最小复现；失败测试或确定性检查脚本；准确运行命令。","干净环境可重复得到预期失败；验收命令和期望结果明确；不修改生产实现；维护者确认任务边界。","可让模型分析仓库、生成复现步骤和测试，但不得让模型自行扩大需求范围。","仅修改任务授权范围；禁止访问真实个人数据；需要维护者批准后才能向上游提交。","待维护者确认"
"P031-B","P031","OpenFn","B-模型实现最小修复","P031-A","When deleting a sandbox with dependents, provide a warning","https://github.com/OpenFn/lightning/issues/4667","基于 A 阶段锁定的任务说明和失败测试，使用模型完成最小范围实现。","model.patch；变更说明；目标测试与相关回归测试日志；模型与运行参数记录。","A 阶段失败测试转为通过；相关既有测试无回归；无无关重构、依赖或格式化；补丁不含密钥和个人数据。","模型只能在隔离容器和固定 commit 上工作；禁用自动发布、自动合并和生产凭据。","仅修改任务授权范围；禁止访问真实个人数据；需要维护者批准后才能向上游提交。","等待A完成"
"P031-C","P031","OpenFn","C-独立复验与草稿PR","P031-B","When deleting a sandbox with dependents, provide a warning","https://github.com/OpenFn/lightning/issues/4667","由不同用户在干净环境独立复验补丁，检查回归、许可证、敏感信息和提交质量，并准备草稿 PR。","review.md；干净环境复验日志；风险清单；草稿 PR 标题与正文；维护者决定记录。","补丁可重复应用；目标与必要回归测试通过；敏感信息扫描通过；变更符合贡献指南；只有维护者批准后才创建草稿 PR。","模型可辅助审查和撰写 PR，但最终结论必须由未参与 B 阶段的用户确认。","仅修改任务授权范围；禁止访问真实个人数据；需要维护者批准后才能向上游提交。","等待B完成"
"P032-A","P032","Cboard","A-复现与验收固化","","Use the real audio format for uploaded tile sound filenames instead of hardcoded .mp3","https://github.com/cboard-org/cboard/issues/2250","在固定 commit 上复现候选 Issue，并把需求收敛为模型可执行、可自动判定的任务说明。","task-spec.md；最小复现；失败测试或确定性检查脚本；准确运行命令。","干净环境可重复得到预期失败；验收命令和期望结果明确；不修改生产实现；维护者确认任务边界。","可让模型分析仓库、生成复现步骤和测试，但不得让模型自行扩大需求范围。","仅使用公开测试数据；禁止诊断、治疗、身份、支付或生产数据操作；需要维护者和领域专家双重批准。","待维护者确认"
"P032-B","P032","Cboard","B-模型实现最小修复","P032-A","Use the real audio format for uploaded tile sound filenames instead of hardcoded .mp3","https://github.com/cboard-org/cboard/issues/2250","基于 A 阶段锁定的任务说明和失败测试，使用模型完成最小范围实现。","model.patch；变更说明；目标测试与相关回归测试日志；模型与运行参数记录。","A 阶段失败测试转为通过；相关既有测试无回归；无无关重构、依赖或格式化；补丁不含密钥和个人数据。","模型只能在隔离容器和固定 commit 上工作；禁用自动发布、自动合并和生产凭据。","仅使用公开测试数据；禁止诊断、治疗、身份、支付或生产数据操作；需要维护者和领域专家双重批准。","等待A完成"
"P032-C","P032","Cboard","C-独立复验与草稿PR","P032-B","Use the real audio format for uploaded tile sound filenames instead of hardcoded .mp3","https://github.com/cboard-org/cboard/issues/2250","由不同用户在干净环境独立复验补丁，检查回归、许可证、敏感信息和提交质量，并准备草稿 PR。","review.md；干净环境复验日志；风险清单；草稿 PR 标题与正文；维护者决定记录。","补丁可重复应用；目标与必要回归测试通过；敏感信息扫描通过；变更符合贡献指南；只有维护者批准后才创建草稿 PR。","模型可辅助审查和撰写 PR，但最终结论必须由未参与 B 阶段的用户确认。","仅使用公开测试数据；禁止诊断、治疗、身份、支付或生产数据操作；需要维护者和领域专家双重批准。","等待B完成"
"P033-A","P033","DKAN","A-复现与验收固化","","Import status page errors on D11 to the point of creating a whitescreen","https://github.com/GetDKAN/dkan/issues/4690","在固定 commit 上复现候选 Issue，并把需求收敛为模型可执行、可自动判定的任务说明。","task-spec.md；最小复现；失败测试或确定性检查脚本；准确运行命令。","干净环境可重复得到预期失败；验收命令和期望结果明确；不修改生产实现；维护者确认任务边界。","可让模型分析仓库、生成复现步骤和测试，但不得让模型自行扩大需求范围。","仅修改任务授权范围；禁止访问真实个人数据；需要维护者批准后才能向上游提交。","待维护者确认"
"P033-B","P033","DKAN","B-模型实现最小修复","P033-A","Import status page errors on D11 to the point of creating a whitescreen","https://github.com/GetDKAN/dkan/issues/4690","基于 A 阶段锁定的任务说明和失败测试，使用模型完成最小范围实现。","model.patch；变更说明；目标测试与相关回归测试日志；模型与运行参数记录。","A 阶段失败测试转为通过；相关既有测试无回归；无无关重构、依赖或格式化；补丁不含密钥和个人数据。","模型只能在隔离容器和固定 commit 上工作；禁用自动发布、自动合并和生产凭据。","仅修改任务授权范围；禁止访问真实个人数据；需要维护者批准后才能向上游提交。","等待A完成"
"P033-C","P033","DKAN","C-独立复验与草稿PR","P033-B","Import status page errors on D11 to the point of creating a whitescreen","https://github.com/GetDKAN/dkan/issues/4690","由不同用户在干净环境独立复验补丁，检查回归、许可证、敏感信息和提交质量，并准备草稿 PR。","review.md；干净环境复验日志；风险清单；草稿 PR 标题与正文；维护者决定记录。","补丁可重复应用；目标与必要回归测试通过；敏感信息扫描通过；变更符合贡献指南；只有维护者批准后才创建草稿 PR。","模型可辅助审查和撰写 PR，但最终结论必须由未参与 B 阶段的用户确认。","仅修改任务授权范围；禁止访问真实个人数据；需要维护者批准后才能向上游提交。","等待B完成"
"P034-A","P034","HOT Tasking Manager","A-复现与验收固化","","Setup a FAQ document that can be used for download services","https://github.com/hotosm/tasking-manager/issues/6229","在固定 commit 上复现候选 Issue，并把需求收敛为模型可执行、可自动判定的任务说明。","task-spec.md；最小复现；失败测试或确定性检查脚本；准确运行命令。","干净环境可重复得到预期失败；验收命令和期望结果明确；不修改生产实现；维护者确认任务边界。","可让模型分析仓库、生成复现步骤和测试，但不得让模型自行扩大需求范围。","仅修改任务授权范围；禁止携带密钥和个人数据；需要维护者批准后才能向上游提交。","待维护者确认"
"P034-B","P034","HOT Tasking Manager","B-模型实现最小修复","P034-A","Setup a FAQ document that can be used for download services","https://github.com/hotosm/tasking-manager/issues/6229","基于 A 阶段锁定的任务说明和失败测试，使用模型完成最小范围实现。","model.patch；变更说明；目标测试与相关回归测试日志；模型与运行参数记录。","A 阶段失败测试转为通过；相关既有测试无回归；无无关重构、依赖或格式化；补丁不含密钥和个人数据。","模型只能在隔离容器和固定 commit 上工作；禁用自动发布、自动合并和生产凭据。","仅修改任务授权范围；禁止携带密钥和个人数据；需要维护者批准后才能向上游提交。","等待A完成"
"P034-C","P034","HOT Tasking Manager","C-独立复验与草稿PR","P034-B","Setup a FAQ document that can be used for download services","https://github.com/hotosm/tasking-manager/issues/6229","由不同用户在干净环境独立复验补丁，检查回归、许可证、敏感信息和提交质量，并准备草稿 PR。","review.md；干净环境复验日志；风险清单；草稿 PR 标题与正文；维护者决定记录。","补丁可重复应用；目标与必要回归测试通过；敏感信息扫描通过；变更符合贡献指南；只有维护者批准后才创建草稿 PR。","模型可辅助审查和撰写 PR，但最终结论必须由未参与 B 阶段的用户确认。","仅修改任务授权范围；禁止携带密钥和个人数据；需要维护者批准后才能向上游提交。","等待B完成"
"P035-A","P035","Ghost","A-复现与验收固化","","🌐 i18n mega-issue","https://github.com/TryGhost/Ghost/issues/23361","在固定 commit 上复现候选 Issue，并把需求收敛为模型可执行、可自动判定的任务说明。","task-spec.md；最小复现；失败测试或确定性检查脚本；准确运行命令。","干净环境可重复得到预期失败；验收命令和期望结果明确；不修改生产实现；维护者确认任务边界。","可让模型分析仓库、生成复现步骤和测试，但不得让模型自行扩大需求范围。","仅修改任务授权范围；禁止访问真实个人数据；需要维护者批准后才能向上游提交。","待维护者确认"
"P035-B","P035","Ghost","B-模型实现最小修复","P035-A","🌐 i18n mega-issue","https://github.com/TryGhost/Ghost/issues/23361","基于 A 阶段锁定的任务说明和失败测试，使用模型完成最小范围实现。","model.patch；变更说明；目标测试与相关回归测试日志；模型与运行参数记录。","A 阶段失败测试转为通过；相关既有测试无回归；无无关重构、依赖或格式化；补丁不含密钥和个人数据。","模型只能在隔离容器和固定 commit 上工作；禁用自动发布、自动合并和生产凭据。","仅修改任务授权范围；禁止访问真实个人数据；需要维护者批准后才能向上游提交。","等待A完成"
"P035-C","P035","Ghost","C-独立复验与草稿PR","P035-B","🌐 i18n mega-issue","https://github.com/TryGhost/Ghost/issues/23361","由不同用户在干净环境独立复验补丁，检查回归、许可证、敏感信息和提交质量，并准备草稿 PR。","review.md；干净环境复验日志；风险清单；草稿 PR 标题与正文；维护者决定记录。","补丁可重复应用；目标与必要回归测试通过；敏感信息扫描通过；变更符合贡献指南；只有维护者批准后才创建草稿 PR。","模型可辅助审查和撰写 PR，但最终结论必须由未参与 B 阶段的用户确认。","仅修改任务授权范围；禁止访问真实个人数据；需要维护者批准后才能向上游提交。","等待B完成"
"P036-A","P036","Mautic","A-复现与验收固化","","Campaign add to segment doesn't set manually_added to 1","https://github.com/mautic/mautic/issues/16473","在固定 commit 上复现候选 Issue，并把需求收敛为模型可执行、可自动判定的任务说明。","task-spec.md；最小复现；失败测试或确定性检查脚本；准确运行命令。","干净环境可重复得到预期失败；验收命令和期望结果明确；不修改生产实现；维护者确认任务边界。","可让模型分析仓库、生成复现步骤和测试，但不得让模型自行扩大需求范围。","仅修改任务授权范围；禁止访问真实个人数据；需要维护者批准后才能向上游提交。","待维护者确认"
"P036-B","P036","Mautic","B-模型实现最小修复","P036-A","Campaign add to segment doesn't set manually_added to 1","https://github.com/mautic/mautic/issues/16473","基于 A 阶段锁定的任务说明和失败测试，使用模型完成最小范围实现。","model.patch；变更说明；目标测试与相关回归测试日志；模型与运行参数记录。","A 阶段失败测试转为通过；相关既有测试无回归；无无关重构、依赖或格式化；补丁不含密钥和个人数据。","模型只能在隔离容器和固定 commit 上工作；禁用自动发布、自动合并和生产凭据。","仅修改任务授权范围；禁止访问真实个人数据；需要维护者批准后才能向上游提交。","等待A完成"
"P036-C","P036","Mautic","C-独立复验与草稿PR","P036-B","Campaign add to segment doesn't set manually_added to 1","https://github.com/mautic/mautic/issues/16473","由不同用户在干净环境独立复验补丁，检查回归、许可证、敏感信息和提交质量，并准备草稿 PR。","review.md；干净环境复验日志；风险清单；草稿 PR 标题与正文；维护者决定记录。","补丁可重复应用；目标与必要回归测试通过；敏感信息扫描通过；变更符合贡献指南；只有维护者批准后才创建草稿 PR。","模型可辅助审查和撰写 PR，但最终结论必须由未参与 B 阶段的用户确认。","仅修改任务授权范围；禁止访问真实个人数据；需要维护者批准后才能向上游提交。","等待B完成"
"P037-A","P037","if me","A-复现与验收固化","","Generate API documentation","https://github.com/ifmeorg/ifme/issues/884","在固定 commit 上复现候选 Issue，并把需求收敛为模型可执行、可自动判定的任务说明。","task-spec.md；最小复现；失败测试或确定性检查脚本；准确运行命令。","干净环境可重复得到预期失败；验收命令和期望结果明确；不修改生产实现；维护者确认任务边界。","可让模型分析仓库、生成复现步骤和测试，但不得让模型自行扩大需求范围。","仅使用公开测试数据；禁止诊断、治疗、身份、支付或生产数据操作；需要维护者和领域专家双重批准。","待维护者确认"
"P037-B","P037","if me","B-模型实现最小修复","P037-A","Generate API documentation","https://github.com/ifmeorg/ifme/issues/884","基于 A 阶段锁定的任务说明和失败测试，使用模型完成最小范围实现。","model.patch；变更说明；目标测试与相关回归测试日志；模型与运行参数记录。","A 阶段失败测试转为通过；相关既有测试无回归；无无关重构、依赖或格式化；补丁不含密钥和个人数据。","模型只能在隔离容器和固定 commit 上工作；禁用自动发布、自动合并和生产凭据。","仅使用公开测试数据；禁止诊断、治疗、身份、支付或生产数据操作；需要维护者和领域专家双重批准。","等待A完成"
"P037-C","P037","if me","C-独立复验与草稿PR","P037-B","Generate API documentation","https://github.com/ifmeorg/ifme/issues/884","由不同用户在干净环境独立复验补丁，检查回归、许可证、敏感信息和提交质量，并准备草稿 PR。","review.md；干净环境复验日志；风险清单；草稿 PR 标题与正文；维护者决定记录。","补丁可重复应用；目标与必要回归测试通过；敏感信息扫描通过；变更符合贡献指南；只有维护者批准后才创建草稿 PR。","模型可辅助审查和撰写 PR，但最终结论必须由未参与 B 阶段的用户确认。","仅使用公开测试数据；禁止诊断、治疗、身份、支付或生产数据操作；需要维护者和领域专家双重批准。","等待B完成"
"P038-A","P038","Aam Digital","A-复现与验收固化","","more detailed documentation for import settings","https://github.com/Aam-Digital/ndb-core/issues/4157","在固定 commit 上复现候选 Issue，并把需求收敛为模型可执行、可自动判定的任务说明。","task-spec.md；最小复现；失败测试或确定性检查脚本；准确运行命令。","干净环境可重复得到预期失败；验收命令和期望结果明确；不修改生产实现；维护者确认任务边界。","可让模型分析仓库、生成复现步骤和测试，但不得让模型自行扩大需求范围。","仅使用公开测试数据；禁止诊断、治疗、身份、支付或生产数据操作；需要维护者和领域专家双重批准。","待维护者确认"
"P038-B","P038","Aam Digital","B-模型实现最小修复","P038-A","more detailed documentation for import settings","https://github.com/Aam-Digital/ndb-core/issues/4157","基于 A 阶段锁定的任务说明和失败测试，使用模型完成最小范围实现。","model.patch；变更说明；目标测试与相关回归测试日志；模型与运行参数记录。","A 阶段失败测试转为通过；相关既有测试无回归；无无关重构、依赖或格式化；补丁不含密钥和个人数据。","模型只能在隔离容器和固定 commit 上工作；禁用自动发布、自动合并和生产凭据。","仅使用公开测试数据；禁止诊断、治疗、身份、支付或生产数据操作；需要维护者和领域专家双重批准。","等待A完成"
"P038-C","P038","Aam Digital","C-独立复验与草稿PR","P038-B","more detailed documentation for import settings","https://github.com/Aam-Digital/ndb-core/issues/4157","由不同用户在干净环境独立复验补丁，检查回归、许可证、敏感信息和提交质量，并准备草稿 PR。","review.md；干净环境复验日志；风险清单；草稿 PR 标题与正文；维护者决定记录。","补丁可重复应用；目标与必要回归测试通过；敏感信息扫描通过；变更符合贡献指南；只有维护者批准后才创建草稿 PR。","模型可辅助审查和撰写 PR，但最终结论必须由未参与 B 阶段的用户确认。","仅使用公开测试数据；禁止诊断、治疗、身份、支付或生产数据操作；需要维护者和领域专家双重批准。","等待B完成"
"P039-A","P039","PRISM","A-复现与验收固化","","Fix react/jsx-no-bind issues","https://github.com/WFP-VAM/prism-app/issues/1649","在固定 commit 上复现候选 Issue，并把需求收敛为模型可执行、可自动判定的任务说明。","task-spec.md；最小复现；失败测试或确定性检查脚本；准确运行命令。","干净环境可重复得到预期失败；验收命令和期望结果明确；不修改生产实现；维护者确认任务边界。","可让模型分析仓库、生成复现步骤和测试，但不得让模型自行扩大需求范围。","仅修改任务授权范围；禁止携带密钥和个人数据；需要维护者批准后才能向上游提交。","待维护者确认"
"P039-B","P039","PRISM","B-模型实现最小修复","P039-A","Fix react/jsx-no-bind issues","https://github.com/WFP-VAM/prism-app/issues/1649","基于 A 阶段锁定的任务说明和失败测试，使用模型完成最小范围实现。","model.patch；变更说明；目标测试与相关回归测试日志；模型与运行参数记录。","A 阶段失败测试转为通过；相关既有测试无回归；无无关重构、依赖或格式化；补丁不含密钥和个人数据。","模型只能在隔离容器和固定 commit 上工作；禁用自动发布、自动合并和生产凭据。","仅修改任务授权范围；禁止携带密钥和个人数据；需要维护者批准后才能向上游提交。","等待A完成"
"P039-C","P039","PRISM","C-独立复验与草稿PR","P039-B","Fix react/jsx-no-bind issues","https://github.com/WFP-VAM/prism-app/issues/1649","由不同用户在干净环境独立复验补丁，检查回归、许可证、敏感信息和提交质量，并准备草稿 PR。","review.md；干净环境复验日志；风险清单；草稿 PR 标题与正文；维护者决定记录。","补丁可重复应用；目标与必要回归测试通过；敏感信息扫描通过；变更符合贡献指南；只有维护者批准后才创建草稿 PR。","模型可辅助审查和撰写 PR，但最终结论必须由未参与 B 阶段的用户确认。","仅修改任务授权范围；禁止携带密钥和个人数据；需要维护者批准后才能向上游提交。","等待B完成"
"P040-A","P040","OpenSRP","A-复现与验收固化","","Offline session-expired re-authentication loop after questionnaire submit","https://github.com/opensrp/fhircore/issues/3842","在固定 commit 上复现候选 Issue，并把需求收敛为模型可执行、可自动判定的任务说明。","task-spec.md；最小复现；失败测试或确定性检查脚本；准确运行命令。","干净环境可重复得到预期失败；验收命令和期望结果明确；不修改生产实现；维护者确认任务边界。","可让模型分析仓库、生成复现步骤和测试，但不得让模型自行扩大需求范围。","仅使用公开测试数据；禁止诊断、治疗、身份、支付或生产数据操作；需要维护者和领域专家双重批准。","待维护者确认"
"P040-B","P040","OpenSRP","B-模型实现最小修复","P040-A","Offline session-expired re-authentication loop after questionnaire submit","https://github.com/opensrp/fhircore/issues/3842","基于 A 阶段锁定的任务说明和失败测试，使用模型完成最小范围实现。","model.patch；变更说明；目标测试与相关回归测试日志；模型与运行参数记录。","A 阶段失败测试转为通过；相关既有测试无回归；无无关重构、依赖或格式化；补丁不含密钥和个人数据。","模型只能在隔离容器和固定 commit 上工作；禁用自动发布、自动合并和生产凭据。","仅使用公开测试数据；禁止诊断、治疗、身份、支付或生产数据操作；需要维护者和领域专家双重批准。","等待A完成"
"P040-C","P040","OpenSRP","C-独立复验与草稿PR","P040-B","Offline session-expired re-authentication loop after questionnaire submit","https://github.com/opensrp/fhircore/issues/3842","由不同用户在干净环境独立复验补丁，检查回归、许可证、敏感信息和提交质量，并准备草稿 PR。","review.md；干净环境复验日志；风险清单；草稿 PR 标题与正文；维护者决定记录。","补丁可重复应用；目标与必要回归测试通过；敏感信息扫描通过；变更符合贡献指南；只有维护者批准后才创建草稿 PR。","模型可辅助审查和撰写 PR，但最终结论必须由未参与 B 阶段的用户确认。","仅使用公开测试数据；禁止诊断、治疗、身份、支付或生产数据操作；需要维护者和领域专家双重批准。","等待B完成"
"P041-A","P041","X-Road®","A-复现与验收固化","","As a Developer I want that the asic container unit tests are fixed and enabled so that I can get feedback on them","https://github.com/nordic-institute/X-Road/issues/1353","在固定 commit 上复现候选 Issue，并把需求收敛为模型可执行、可自动判定的任务说明。","task-spec.md；最小复现；失败测试或确定性检查脚本；准确运行命令。","干净环境可重复得到预期失败；验收命令和期望结果明确；不修改生产实现；维护者确认任务边界。","可让模型分析仓库、生成复现步骤和测试，但不得让模型自行扩大需求范围。","仅使用公开测试数据；禁止诊断、治疗、身份、支付或生产数据操作；需要维护者和领域专家双重批准。","待维护者确认"
"P041-B","P041","X-Road®","B-模型实现最小修复","P041-A","As a Developer I want that the asic container unit tests are fixed and enabled so that I can get feedback on them","https://github.com/nordic-institute/X-Road/issues/1353","基于 A 阶段锁定的任务说明和失败测试，使用模型完成最小范围实现。","model.patch；变更说明；目标测试与相关回归测试日志；模型与运行参数记录。","A 阶段失败测试转为通过；相关既有测试无回归；无无关重构、依赖或格式化；补丁不含密钥和个人数据。","模型只能在隔离容器和固定 commit 上工作；禁用自动发布、自动合并和生产凭据。","仅使用公开测试数据；禁止诊断、治疗、身份、支付或生产数据操作；需要维护者和领域专家双重批准。","等待A完成"
"P041-C","P041","X-Road®","C-独立复验与草稿PR","P041-B","As a Developer I want that the asic container unit tests are fixed and enabled so that I can get feedback on them","https://github.com/nordic-institute/X-Road/issues/1353","由不同用户在干净环境独立复验补丁，检查回归、许可证、敏感信息和提交质量，并准备草稿 PR。","review.md；干净环境复验日志；风险清单；草稿 PR 标题与正文；维护者决定记录。","补丁可重复应用；目标与必要回归测试通过；敏感信息扫描通过；变更符合贡献指南；只有维护者批准后才创建草稿 PR。","模型可辅助审查和撰写 PR，但最终结论必须由未参与 B 阶段的用户确认。","仅使用公开测试数据；禁止诊断、治疗、身份、支付或生产数据操作；需要维护者和领域专家双重批准。","等待B完成"
"P042-A","P042","CommCare","A-复现与验收固化","","Blobdb error bug after restore on Ubuntu 22.04","https://github.com/dimagi/commcare-hq/issues/33367","在固定 commit 上复现候选 Issue，并把需求收敛为模型可执行、可自动判定的任务说明。","task-spec.md；最小复现；失败测试或确定性检查脚本；准确运行命令。","干净环境可重复得到预期失败；验收命令和期望结果明确；不修改生产实现；维护者确认任务边界。","可让模型分析仓库、生成复现步骤和测试，但不得让模型自行扩大需求范围。","仅使用公开测试数据；禁止诊断、治疗、身份、支付或生产数据操作；需要维护者和领域专家双重批准。","待维护者确认"
"P042-B","P042","CommCare","B-模型实现最小修复","P042-A","Blobdb error bug after restore on Ubuntu 22.04","https://github.com/dimagi/commcare-hq/issues/33367","基于 A 阶段锁定的任务说明和失败测试，使用模型完成最小范围实现。","model.patch；变更说明；目标测试与相关回归测试日志；模型与运行参数记录。","A 阶段失败测试转为通过；相关既有测试无回归；无无关重构、依赖或格式化；补丁不含密钥和个人数据。","模型只能在隔离容器和固定 commit 上工作；禁用自动发布、自动合并和生产凭据。","仅使用公开测试数据；禁止诊断、治疗、身份、支付或生产数据操作；需要维护者和领域专家双重批准。","等待A完成"
"P042-C","P042","CommCare","C-独立复验与草稿PR","P042-B","Blobdb error bug after restore on Ubuntu 22.04","https://github.com/dimagi/commcare-hq/issues/33367","由不同用户在干净环境独立复验补丁，检查回归、许可证、敏感信息和提交质量，并准备草稿 PR。","review.md；干净环境复验日志；风险清单；草稿 PR 标题与正文；维护者决定记录。","补丁可重复应用；目标与必要回归测试通过；敏感信息扫描通过；变更符合贡献指南；只有维护者批准后才创建草稿 PR。","模型可辅助审查和撰写 PR，但最终结论必须由未参与 B 阶段的用户确认。","仅使用公开测试数据；禁止诊断、治疗、身份、支付或生产数据操作；需要维护者和领域专家双重批准。","等待B完成"
"P043-A","P043","LibreSign","A-复现与验收固化","","[FEATURE] Add PHP mutation testing with Infection","https://github.com/LibreSign/libresign/issues/8000","在固定 commit 上复现候选 Issue，并把需求收敛为模型可执行、可自动判定的任务说明。","task-spec.md；最小复现；失败测试或确定性检查脚本；准确运行命令。","干净环境可重复得到预期失败；验收命令和期望结果明确；不修改生产实现；维护者确认任务边界。","可让模型分析仓库、生成复现步骤和测试，但不得让模型自行扩大需求范围。","仅修改任务授权范围；禁止携带密钥和个人数据；需要维护者批准后才能向上游提交。","待维护者确认"
"P043-B","P043","LibreSign","B-模型实现最小修复","P043-A","[FEATURE] Add PHP mutation testing with Infection","https://github.com/LibreSign/libresign/issues/8000","基于 A 阶段锁定的任务说明和失败测试，使用模型完成最小范围实现。","model.patch；变更说明；目标测试与相关回归测试日志；模型与运行参数记录。","A 阶段失败测试转为通过；相关既有测试无回归；无无关重构、依赖或格式化；补丁不含密钥和个人数据。","模型只能在隔离容器和固定 commit 上工作；禁用自动发布、自动合并和生产凭据。","仅修改任务授权范围；禁止携带密钥和个人数据；需要维护者批准后才能向上游提交。","等待A完成"
"P043-C","P043","LibreSign","C-独立复验与草稿PR","P043-B","[FEATURE] Add PHP mutation testing with Infection","https://github.com/LibreSign/libresign/issues/8000","由不同用户在干净环境独立复验补丁，检查回归、许可证、敏感信息和提交质量，并准备草稿 PR。","review.md；干净环境复验日志；风险清单；草稿 PR 标题与正文；维护者决定记录。","补丁可重复应用；目标与必要回归测试通过；敏感信息扫描通过；变更符合贡献指南；只有维护者批准后才创建草稿 PR。","模型可辅助审查和撰写 PR，但最终结论必须由未参与 B 阶段的用户确认。","仅修改任务授权范围；禁止携带密钥和个人数据；需要维护者批准后才能向上游提交。","等待B完成"
"P044-A","P044","LaSuite Drive","A-复现与验收固化","","The viewer has unwanted padding on the sides","https://github.com/suitenumerique/drive/issues/800","在固定 commit 上复现候选 Issue，并把需求收敛为模型可执行、可自动判定的任务说明。","task-spec.md；最小复现；失败测试或确定性检查脚本；准确运行命令。","干净环境可重复得到预期失败；验收命令和期望结果明确；不修改生产实现；维护者确认任务边界。","可让模型分析仓库、生成复现步骤和测试，但不得让模型自行扩大需求范围。","仅修改任务授权范围；禁止携带密钥和个人数据；需要维护者批准后才能向上游提交。","待维护者确认"
"P044-B","P044","LaSuite Drive","B-模型实现最小修复","P044-A","The viewer has unwanted padding on the sides","https://github.com/suitenumerique/drive/issues/800","基于 A 阶段锁定的任务说明和失败测试，使用模型完成最小范围实现。","model.patch；变更说明；目标测试与相关回归测试日志；模型与运行参数记录。","A 阶段失败测试转为通过；相关既有测试无回归；无无关重构、依赖或格式化；补丁不含密钥和个人数据。","模型只能在隔离容器和固定 commit 上工作；禁用自动发布、自动合并和生产凭据。","仅修改任务授权范围；禁止携带密钥和个人数据；需要维护者批准后才能向上游提交。","等待A完成"
"P044-C","P044","LaSuite Drive","C-独立复验与草稿PR","P044-B","The viewer has unwanted padding on the sides","https://github.com/suitenumerique/drive/issues/800","由不同用户在干净环境独立复验补丁，检查回归、许可证、敏感信息和提交质量，并准备草稿 PR。","review.md；干净环境复验日志；风险清单；草稿 PR 标题与正文；维护者决定记录。","补丁可重复应用；目标与必要回归测试通过；敏感信息扫描通过；变更符合贡献指南；只有维护者批准后才创建草稿 PR。","模型可辅助审查和撰写 PR，但最终结论必须由未参与 B 阶段的用户确认。","仅修改任务授权范围；禁止携带密钥和个人数据；需要维护者批准后才能向上游提交。","等待B完成"
"P045-A","P045","UrbanPy","A-复现与验收固化","","Separate hermetic tests from scheduled provider contracts","https://github.com/EL-BID/urbanpy/issues/93","在固定 commit 上复现候选 Issue，并把需求收敛为模型可执行、可自动判定的任务说明。","task-spec.md；最小复现；失败测试或确定性检查脚本；准确运行命令。","干净环境可重复得到预期失败；验收命令和期望结果明确；不修改生产实现；维护者确认任务边界。","可让模型分析仓库、生成复现步骤和测试，但不得让模型自行扩大需求范围。","仅修改任务授权范围；禁止携带密钥和个人数据；需要维护者批准后才能向上游提交。","待维护者确认"
"P045-B","P045","UrbanPy","B-模型实现最小修复","P045-A","Separate hermetic tests from scheduled provider contracts","https://github.com/EL-BID/urbanpy/issues/93","基于 A 阶段锁定的任务说明和失败测试，使用模型完成最小范围实现。","model.patch；变更说明；目标测试与相关回归测试日志；模型与运行参数记录。","A 阶段失败测试转为通过；相关既有测试无回归；无无关重构、依赖或格式化；补丁不含密钥和个人数据。","模型只能在隔离容器和固定 commit 上工作；禁用自动发布、自动合并和生产凭据。","仅修改任务授权范围；禁止携带密钥和个人数据；需要维护者批准后才能向上游提交。","等待A完成"
"P045-C","P045","UrbanPy","C-独立复验与草稿PR","P045-B","Separate hermetic tests from scheduled provider contracts","https://github.com/EL-BID/urbanpy/issues/93","由不同用户在干净环境独立复验补丁，检查回归、许可证、敏感信息和提交质量，并准备草稿 PR。","review.md；干净环境复验日志；风险清单；草稿 PR 标题与正文；维护者决定记录。","补丁可重复应用；目标与必要回归测试通过；敏感信息扫描通过；变更符合贡献指南；只有维护者批准后才创建草稿 PR。","模型可辅助审查和撰写 PR，但最终结论必须由未参与 B 阶段的用户确认。","仅修改任务授权范围；禁止携带密钥和个人数据；需要维护者批准后才能向上游提交。","等待B完成"
"P046-A","P046","Zamba","A-复现与验收固化","","Create new version folders on image model train (like video `version_n` folders) rather than overwriting/failing","https://github.com/drivendataorg/zamba/issues/363","在固定 commit 上复现候选 Issue，并把需求收敛为模型可执行、可自动判定的任务说明。","task-spec.md；最小复现；失败测试或确定性检查脚本；准确运行命令。","干净环境可重复得到预期失败；验收命令和期望结果明确；不修改生产实现；维护者确认任务边界。","可让模型分析仓库、生成复现步骤和测试，但不得让模型自行扩大需求范围。","仅修改任务授权范围；禁止携带密钥和个人数据；需要维护者批准后才能向上游提交。","待维护者确认"
"P046-B","P046","Zamba","B-模型实现最小修复","P046-A","Create new version folders on image model train (like video `version_n` folders) rather than overwriting/failing","https://github.com/drivendataorg/zamba/issues/363","基于 A 阶段锁定的任务说明和失败测试，使用模型完成最小范围实现。","model.patch；变更说明；目标测试与相关回归测试日志；模型与运行参数记录。","A 阶段失败测试转为通过；相关既有测试无回归；无无关重构、依赖或格式化；补丁不含密钥和个人数据。","模型只能在隔离容器和固定 commit 上工作；禁用自动发布、自动合并和生产凭据。","仅修改任务授权范围；禁止携带密钥和个人数据；需要维护者批准后才能向上游提交。","等待A完成"
"P046-C","P046","Zamba","C-独立复验与草稿PR","P046-B","Create new version folders on image model train (like video `version_n` folders) rather than overwriting/failing","https://github.com/drivendataorg/zamba/issues/363","由不同用户在干净环境独立复验补丁，检查回归、许可证、敏感信息和提交质量，并准备草稿 PR。","review.md；干净环境复验日志；风险清单；草稿 PR 标题与正文；维护者决定记录。","补丁可重复应用；目标与必要回归测试通过；敏感信息扫描通过；变更符合贡献指南；只有维护者批准后才创建草稿 PR。","模型可辅助审查和撰写 PR，但最终结论必须由未参与 B 阶段的用户确认。","仅修改任务授权范围；禁止携带密钥和个人数据；需要维护者批准后才能向上游提交。","等待B完成"
"P047-A","P047","E-Heza","A-复现与验收固化","","SM - Add Stock Management as a New Report Type in Statistical Queries","https://github.com/TIP-Global-Health/eheza-app/issues/1733","在固定 commit 上复现候选 Issue，并把需求收敛为模型可执行、可自动判定的任务说明。","task-spec.md；最小复现；失败测试或确定性检查脚本；准确运行命令。","干净环境可重复得到预期失败；验收命令和期望结果明确；不修改生产实现；维护者确认任务边界。","可让模型分析仓库、生成复现步骤和测试，但不得让模型自行扩大需求范围。","仅使用公开测试数据；禁止诊断、治疗、身份、支付或生产数据操作；需要维护者和领域专家双重批准。","待维护者确认"
"P047-B","P047","E-Heza","B-模型实现最小修复","P047-A","SM - Add Stock Management as a New Report Type in Statistical Queries","https://github.com/TIP-Global-Health/eheza-app/issues/1733","基于 A 阶段锁定的任务说明和失败测试，使用模型完成最小范围实现。","model.patch；变更说明；目标测试与相关回归测试日志；模型与运行参数记录。","A 阶段失败测试转为通过；相关既有测试无回归；无无关重构、依赖或格式化；补丁不含密钥和个人数据。","模型只能在隔离容器和固定 commit 上工作；禁用自动发布、自动合并和生产凭据。","仅使用公开测试数据；禁止诊断、治疗、身份、支付或生产数据操作；需要维护者和领域专家双重批准。","等待A完成"
"P047-C","P047","E-Heza","C-独立复验与草稿PR","P047-B","SM - Add Stock Management as a New Report Type in Statistical Queries","https://github.com/TIP-Global-Health/eheza-app/issues/1733","由不同用户在干净环境独立复验补丁，检查回归、许可证、敏感信息和提交质量，并准备草稿 PR。","review.md；干净环境复验日志；风险清单；草稿 PR 标题与正文；维护者决定记录。","补丁可重复应用；目标与必要回归测试通过；敏感信息扫描通过；变更符合贡献指南；只有维护者批准后才创建草稿 PR。","模型可辅助审查和撰写 PR，但最终结论必须由未参与 B 阶段的用户确认。","仅使用公开测试数据；禁止诊断、治疗、身份、支付或生产数据操作；需要维护者和领域专家双重批准。","等待B完成"
"P048-A","P048","OpenMRS","A-复现与验收固化","","mergePatients runs the merge tail twice (duplicate savePatient and PersonMergeLog)","https://github.com/openmrs/openmrs-core/issues/6336","在固定 commit 上复现候选 Issue，并把需求收敛为模型可执行、可自动判定的任务说明。","task-spec.md；最小复现；失败测试或确定性检查脚本；准确运行命令。","干净环境可重复得到预期失败；验收命令和期望结果明确；不修改生产实现；维护者确认任务边界。","可让模型分析仓库、生成复现步骤和测试，但不得让模型自行扩大需求范围。","仅使用公开测试数据；禁止诊断、治疗、身份、支付或生产数据操作；需要维护者和领域专家双重批准。","待维护者确认"
"P048-B","P048","OpenMRS","B-模型实现最小修复","P048-A","mergePatients runs the merge tail twice (duplicate savePatient and PersonMergeLog)","https://github.com/openmrs/openmrs-core/issues/6336","基于 A 阶段锁定的任务说明和失败测试，使用模型完成最小范围实现。","model.patch；变更说明；目标测试与相关回归测试日志；模型与运行参数记录。","A 阶段失败测试转为通过；相关既有测试无回归；无无关重构、依赖或格式化；补丁不含密钥和个人数据。","模型只能在隔离容器和固定 commit 上工作；禁用自动发布、自动合并和生产凭据。","仅使用公开测试数据；禁止诊断、治疗、身份、支付或生产数据操作；需要维护者和领域专家双重批准。","等待A完成"
"P048-C","P048","OpenMRS","C-独立复验与草稿PR","P048-B","mergePatients runs the merge tail twice (duplicate savePatient and PersonMergeLog)","https://github.com/openmrs/openmrs-core/issues/6336","由不同用户在干净环境独立复验补丁，检查回归、许可证、敏感信息和提交质量，并准备草稿 PR。","review.md；干净环境复验日志；风险清单；草稿 PR 标题与正文；维护者决定记录。","补丁可重复应用；目标与必要回归测试通过；敏感信息扫描通过；变更符合贡献指南；只有维护者批准后才创建草稿 PR。","模型可辅助审查和撰写 PR，但最终结论必须由未参与 B 阶段的用户确认。","仅使用公开测试数据；禁止诊断、治疗、身份、支付或生产数据操作；需要维护者和领域专家双重批准。","等待B完成"
"P049-A","P049","OpenCHS","A-复现与验收固化","","[Good First Issue]:","https://github.com/BITZ-IT-Consulting-LTD/openchsai/issues/407","在固定 commit 上复现候选 Issue，并把需求收敛为模型可执行、可自动判定的任务说明。","task-spec.md；最小复现；失败测试或确定性检查脚本；准确运行命令。","干净环境可重复得到预期失败；验收命令和期望结果明确；不修改生产实现；维护者确认任务边界。","可让模型分析仓库、生成复现步骤和测试，但不得让模型自行扩大需求范围。","仅使用公开测试数据；禁止诊断、治疗、身份、支付或生产数据操作；需要维护者和领域专家双重批准。","待维护者确认"
"P049-B","P049","OpenCHS","B-模型实现最小修复","P049-A","[Good First Issue]:","https://github.com/BITZ-IT-Consulting-LTD/openchsai/issues/407","基于 A 阶段锁定的任务说明和失败测试，使用模型完成最小范围实现。","model.patch；变更说明；目标测试与相关回归测试日志；模型与运行参数记录。","A 阶段失败测试转为通过；相关既有测试无回归；无无关重构、依赖或格式化；补丁不含密钥和个人数据。","模型只能在隔离容器和固定 commit 上工作；禁用自动发布、自动合并和生产凭据。","仅使用公开测试数据；禁止诊断、治疗、身份、支付或生产数据操作；需要维护者和领域专家双重批准。","等待A完成"
"P049-C","P049","OpenCHS","C-独立复验与草稿PR","P049-B","[Good First Issue]:","https://github.com/BITZ-IT-Consulting-LTD/openchsai/issues/407","由不同用户在干净环境独立复验补丁，检查回归、许可证、敏感信息和提交质量，并准备草稿 PR。","review.md；干净环境复验日志；风险清单；草稿 PR 标题与正文；维护者决定记录。","补丁可重复应用；目标与必要回归测试通过；敏感信息扫描通过；变更符合贡献指南；只有维护者批准后才创建草稿 PR。","模型可辅助审查和撰写 PR，但最终结论必须由未参与 B 阶段的用户确认。","仅使用公开测试数据；禁止诊断、治疗、身份、支付或生产数据操作；需要维护者和领域专家双重批准。","等待B完成"
"P050-A","P050","Compar:IA","A-复现与验收固化","","[Accessibility] Modify text colour from","https://github.com/betagouv/ComparIA/issues/388","在固定 commit 上复现候选 Issue，并把需求收敛为模型可执行、可自动判定的任务说明。","task-spec.md；最小复现；失败测试或确定性检查脚本；准确运行命令。","干净环境可重复得到预期失败；验收命令和期望结果明确；不修改生产实现；维护者确认任务边界。","可让模型分析仓库、生成复现步骤和测试，但不得让模型自行扩大需求范围。","仅修改任务授权范围；禁止访问真实个人数据；需要维护者批准后才能向上游提交。","待维护者确认"
"P050-B","P050","Compar:IA","B-模型实现最小修复","P050-A","[Accessibility] Modify text colour from","https://github.com/betagouv/ComparIA/issues/388","基于 A 阶段锁定的任务说明和失败测试，使用模型完成最小范围实现。","model.patch；变更说明；目标测试与相关回归测试日志；模型与运行参数记录。","A 阶段失败测试转为通过；相关既有测试无回归；无无关重构、依赖或格式化；补丁不含密钥和个人数据。","模型只能在隔离容器和固定 commit 上工作；禁用自动发布、自动合并和生产凭据。","仅修改任务授权范围；禁止访问真实个人数据；需要维护者批准后才能向上游提交。","等待A完成"
"P050-C","P050","Compar:IA","C-独立复验与草稿PR","P050-B","[Accessibility] Modify text colour from","https://github.com/betagouv/ComparIA/issues/388","由不同用户在干净环境独立复验补丁，检查回归、许可证、敏感信息和提交质量，并准备草稿 PR。","review.md；干净环境复验日志；风险清单；草稿 PR 标题与正文；维护者决定记录。","补丁可重复应用；目标与必要回归测试通过；敏感信息扫描通过；变更符合贡献指南；只有维护者批准后才创建草稿 PR。","模型可辅助审查和撰写 PR，但最终结论必须由未参与 B 阶段的用户确认。","仅修改任务授权范围；禁止访问真实个人数据；需要维护者批准后才能向上游提交。","等待B完成"
"P051-A","P051","Uli","A-复现与验收固化","","Conceptualize metrics to compare performance across dynamic test set","https://github.com/tattle-made/Uli/issues/907","在固定 commit 上复现候选 Issue，并把需求收敛为模型可执行、可自动判定的任务说明。","task-spec.md；最小复现；失败测试或确定性检查脚本；准确运行命令。","干净环境可重复得到预期失败；验收命令和期望结果明确；不修改生产实现；维护者确认任务边界。","可让模型分析仓库、生成复现步骤和测试，但不得让模型自行扩大需求范围。","仅修改任务授权范围；禁止访问真实个人数据；需要维护者批准后才能向上游提交。","待维护者确认"
"P051-B","P051","Uli","B-模型实现最小修复","P051-A","Conceptualize metrics to compare performance across dynamic test set","https://github.com/tattle-made/Uli/issues/907","基于 A 阶段锁定的任务说明和失败测试，使用模型完成最小范围实现。","model.patch；变更说明；目标测试与相关回归测试日志；模型与运行参数记录。","A 阶段失败测试转为通过；相关既有测试无回归；无无关重构、依赖或格式化；补丁不含密钥和个人数据。","模型只能在隔离容器和固定 commit 上工作；禁用自动发布、自动合并和生产凭据。","仅修改任务授权范围；禁止访问真实个人数据；需要维护者批准后才能向上游提交。","等待A完成"
"P051-C","P051","Uli","C-独立复验与草稿PR","P051-B","Conceptualize metrics to compare performance across dynamic test set","https://github.com/tattle-made/Uli/issues/907","由不同用户在干净环境独立复验补丁，检查回归、许可证、敏感信息和提交质量，并准备草稿 PR。","review.md；干净环境复验日志；风险清单；草稿 PR 标题与正文；维护者决定记录。","补丁可重复应用；目标与必要回归测试通过；敏感信息扫描通过；变更符合贡献指南；只有维护者批准后才创建草稿 PR。","模型可辅助审查和撰写 PR，但最终结论必须由未参与 B 阶段的用户确认。","仅修改任务授权范围；禁止访问真实个人数据；需要维护者批准后才能向上游提交。","等待B完成"
"P052-A","P052","Isomer","A-复现与验收固化","","[DETAIL] DGS field transformation can return numbers, crashing UI components that expect strings","https://github.com/opengovsg/isomer/issues/1954","在固定 commit 上复现候选 Issue，并把需求收敛为模型可执行、可自动判定的任务说明。","task-spec.md；最小复现；失败测试或确定性检查脚本；准确运行命令。","干净环境可重复得到预期失败；验收命令和期望结果明确；不修改生产实现；维护者确认任务边界。","可让模型分析仓库、生成复现步骤和测试，但不得让模型自行扩大需求范围。","仅使用公开测试数据；禁止诊断、治疗、身份、支付或生产数据操作；需要维护者和领域专家双重批准。","待维护者确认"
"P052-B","P052","Isomer","B-模型实现最小修复","P052-A","[DETAIL] DGS field transformation can return numbers, crashing UI components that expect strings","https://github.com/opengovsg/isomer/issues/1954","基于 A 阶段锁定的任务说明和失败测试，使用模型完成最小范围实现。","model.patch；变更说明；目标测试与相关回归测试日志；模型与运行参数记录。","A 阶段失败测试转为通过；相关既有测试无回归；无无关重构、依赖或格式化；补丁不含密钥和个人数据。","模型只能在隔离容器和固定 commit 上工作；禁用自动发布、自动合并和生产凭据。","仅使用公开测试数据；禁止诊断、治疗、身份、支付或生产数据操作；需要维护者和领域专家双重批准。","等待A完成"
"P052-C","P052","Isomer","C-独立复验与草稿PR","P052-B","[DETAIL] DGS field transformation can return numbers, crashing UI components that expect strings","https://github.com/opengovsg/isomer/issues/1954","由不同用户在干净环境独立复验补丁，检查回归、许可证、敏感信息和提交质量，并准备草稿 PR。","review.md；干净环境复验日志；风险清单；草稿 PR 标题与正文；维护者决定记录。","补丁可重复应用；目标与必要回归测试通过；敏感信息扫描通过；变更符合贡献指南；只有维护者批准后才创建草稿 PR。","模型可辅助审查和撰写 PR，但最终结论必须由未参与 B 阶段的用户确认。","仅使用公开测试数据；禁止诊断、治疗、身份、支付或生产数据操作；需要维护者和领域专家双重批准。","等待B完成"
"P053-A","P053","ClimWeb","A-复现与验收固化","","Documentation setting up email notifications for forms (contact us, data request, feedback)","https://github.com/wmo-raf/climweb/issues/745","在固定 commit 上复现候选 Issue，并把需求收敛为模型可执行、可自动判定的任务说明。","task-spec.md；最小复现；失败测试或确定性检查脚本；准确运行命令。","干净环境可重复得到预期失败；验收命令和期望结果明确；不修改生产实现；维护者确认任务边界。","可让模型分析仓库、生成复现步骤和测试，但不得让模型自行扩大需求范围。","仅修改任务授权范围；禁止携带密钥和个人数据；需要维护者批准后才能向上游提交。","待维护者确认"
"P053-B","P053","ClimWeb","B-模型实现最小修复","P053-A","Documentation setting up email notifications for forms (contact us, data request, feedback)","https://github.com/wmo-raf/climweb/issues/745","基于 A 阶段锁定的任务说明和失败测试，使用模型完成最小范围实现。","model.patch；变更说明；目标测试与相关回归测试日志；模型与运行参数记录。","A 阶段失败测试转为通过；相关既有测试无回归；无无关重构、依赖或格式化；补丁不含密钥和个人数据。","模型只能在隔离容器和固定 commit 上工作；禁用自动发布、自动合并和生产凭据。","仅修改任务授权范围；禁止携带密钥和个人数据；需要维护者批准后才能向上游提交。","等待A完成"
"P053-C","P053","ClimWeb","C-独立复验与草稿PR","P053-B","Documentation setting up email notifications for forms (contact us, data request, feedback)","https://github.com/wmo-raf/climweb/issues/745","由不同用户在干净环境独立复验补丁，检查回归、许可证、敏感信息和提交质量，并准备草稿 PR。","review.md；干净环境复验日志；风险清单；草稿 PR 标题与正文；维护者决定记录。","补丁可重复应用；目标与必要回归测试通过；敏感信息扫描通过；变更符合贡献指南；只有维护者批准后才创建草稿 PR。","模型可辅助审查和撰写 PR，但最终结论必须由未参与 B 阶段的用户确认。","仅修改任务授权范围；禁止携带密钥和个人数据；需要维护者批准后才能向上游提交。","等待B完成"
"P054-A","P054","FireForm","A-复现与验收固化","","Add general description to each form template to enhance LLM output","https://github.com/fireform-core/FireForm/issues/510","在固定 commit 上复现候选 Issue，并把需求收敛为模型可执行、可自动判定的任务说明。","task-spec.md；最小复现；失败测试或确定性检查脚本；准确运行命令。","干净环境可重复得到预期失败；验收命令和期望结果明确；不修改生产实现；维护者确认任务边界。","可让模型分析仓库、生成复现步骤和测试，但不得让模型自行扩大需求范围。","仅修改任务授权范围；禁止访问真实个人数据；需要维护者批准后才能向上游提交。","待维护者确认"
"P054-B","P054","FireForm","B-模型实现最小修复","P054-A","Add general description to each form template to enhance LLM output","https://github.com/fireform-core/FireForm/issues/510","基于 A 阶段锁定的任务说明和失败测试，使用模型完成最小范围实现。","model.patch；变更说明；目标测试与相关回归测试日志；模型与运行参数记录。","A 阶段失败测试转为通过；相关既有测试无回归；无无关重构、依赖或格式化；补丁不含密钥和个人数据。","模型只能在隔离容器和固定 commit 上工作；禁用自动发布、自动合并和生产凭据。","仅修改任务授权范围；禁止访问真实个人数据；需要维护者批准后才能向上游提交。","等待A完成"
"P054-C","P054","FireForm","C-独立复验与草稿PR","P054-B","Add general description to each form template to enhance LLM output","https://github.com/fireform-core/FireForm/issues/510","由不同用户在干净环境独立复验补丁，检查回归、许可证、敏感信息和提交质量，并准备草稿 PR。","review.md；干净环境复验日志；风险清单；草稿 PR 标题与正文；维护者决定记录。","补丁可重复应用；目标与必要回归测试通过；敏感信息扫描通过；变更符合贡献指南；只有维护者批准后才创建草稿 PR。","模型可辅助审查和撰写 PR，但最终结论必须由未参与 B 阶段的用户确认。","仅修改任务授权范围；禁止访问真实个人数据；需要维护者批准后才能向上游提交。","等待B完成"
"P055-A","P055","AccessMod","A-复现与验收固化","","referral analysis issue","https://github.com/unige-geohealth/accessmod/issues/371","在固定 commit 上复现候选 Issue，并把需求收敛为模型可执行、可自动判定的任务说明。","task-spec.md；最小复现；失败测试或确定性检查脚本；准确运行命令。","干净环境可重复得到预期失败；验收命令和期望结果明确；不修改生产实现；维护者确认任务边界。","可让模型分析仓库、生成复现步骤和测试，但不得让模型自行扩大需求范围。","仅使用公开测试数据；禁止诊断、治疗、身份、支付或生产数据操作；需要维护者和领域专家双重批准。","待维护者确认"
"P055-B","P055","AccessMod","B-模型实现最小修复","P055-A","referral analysis issue","https://github.com/unige-geohealth/accessmod/issues/371","基于 A 阶段锁定的任务说明和失败测试，使用模型完成最小范围实现。","model.patch；变更说明；目标测试与相关回归测试日志；模型与运行参数记录。","A 阶段失败测试转为通过；相关既有测试无回归；无无关重构、依赖或格式化；补丁不含密钥和个人数据。","模型只能在隔离容器和固定 commit 上工作；禁用自动发布、自动合并和生产凭据。","仅使用公开测试数据；禁止诊断、治疗、身份、支付或生产数据操作；需要维护者和领域专家双重批准。","等待A完成"
"P055-C","P055","AccessMod","C-独立复验与草稿PR","P055-B","referral analysis issue","https://github.com/unige-geohealth/accessmod/issues/371","由不同用户在干净环境独立复验补丁，检查回归、许可证、敏感信息和提交质量，并准备草稿 PR。","review.md；干净环境复验日志；风险清单；草稿 PR 标题与正文；维护者决定记录。","补丁可重复应用；目标与必要回归测试通过；敏感信息扫描通过；变更符合贡献指南；只有维护者批准后才创建草稿 PR。","模型可辅助审查和撰写 PR，但最终结论必须由未参与 B 阶段的用户确认。","仅使用公开测试数据；禁止诊断、治疗、身份、支付或生产数据操作；需要维护者和领域专家双重批准。","等待B完成"
"P056-A","P056","Data Observation Toolkit","A-复现与验收固化","","Allow multiple tests of same type on one entity","https://github.com/datakind/Data-Observation-Toolkit/issues/90","在固定 commit 上复现候选 Issue，并把需求收敛为模型可执行、可自动判定的任务说明。","task-spec.md；最小复现；失败测试或确定性检查脚本；准确运行命令。","干净环境可重复得到预期失败；验收命令和期望结果明确；不修改生产实现；维护者确认任务边界。","可让模型分析仓库、生成复现步骤和测试，但不得让模型自行扩大需求范围。","仅使用公开测试数据；禁止诊断、治疗、身份、支付或生产数据操作；需要维护者和领域专家双重批准。","待维护者确认"
"P056-B","P056","Data Observation Toolkit","B-模型实现最小修复","P056-A","Allow multiple tests of same type on one entity","https://github.com/datakind/Data-Observation-Toolkit/issues/90","基于 A 阶段锁定的任务说明和失败测试，使用模型完成最小范围实现。","model.patch；变更说明；目标测试与相关回归测试日志；模型与运行参数记录。","A 阶段失败测试转为通过；相关既有测试无回归；无无关重构、依赖或格式化；补丁不含密钥和个人数据。","模型只能在隔离容器和固定 commit 上工作；禁用自动发布、自动合并和生产凭据。","仅使用公开测试数据；禁止诊断、治疗、身份、支付或生产数据操作；需要维护者和领域专家双重批准。","等待A完成"
"P056-C","P056","Data Observation Toolkit","C-独立复验与草稿PR","P056-B","Allow multiple tests of same type on one entity","https://github.com/datakind/Data-Observation-Toolkit/issues/90","由不同用户在干净环境独立复验补丁，检查回归、许可证、敏感信息和提交质量，并准备草稿 PR。","review.md；干净环境复验日志；风险清单；草稿 PR 标题与正文；维护者决定记录。","补丁可重复应用；目标与必要回归测试通过；敏感信息扫描通过；变更符合贡献指南；只有维护者批准后才创建草稿 PR。","模型可辅助审查和撰写 PR，但最终结论必须由未参与 B 阶段的用户确认。","仅使用公开测试数据；禁止诊断、治疗、身份、支付或生产数据操作；需要维护者和领域专家双重批准。","等待B完成"
"P057-A","P057","Primero","A-复现与验收固化","","[Bug] Missing Back/Close Button in Search Functionality","https://github.com/primeroIMS/primero/issues/484","在固定 commit 上复现候选 Issue，并把需求收敛为模型可执行、可自动判定的任务说明。","task-spec.md；最小复现；失败测试或确定性检查脚本；准确运行命令。","干净环境可重复得到预期失败；验收命令和期望结果明确；不修改生产实现；维护者确认任务边界。","可让模型分析仓库、生成复现步骤和测试，但不得让模型自行扩大需求范围。","仅使用公开测试数据；禁止诊断、治疗、身份、支付或生产数据操作；需要维护者和领域专家双重批准。","待维护者确认"
"P057-B","P057","Primero","B-模型实现最小修复","P057-A","[Bug] Missing Back/Close Button in Search Functionality","https://github.com/primeroIMS/primero/issues/484","基于 A 阶段锁定的任务说明和失败测试，使用模型完成最小范围实现。","model.patch；变更说明；目标测试与相关回归测试日志；模型与运行参数记录。","A 阶段失败测试转为通过；相关既有测试无回归；无无关重构、依赖或格式化；补丁不含密钥和个人数据。","模型只能在隔离容器和固定 commit 上工作；禁用自动发布、自动合并和生产凭据。","仅使用公开测试数据；禁止诊断、治疗、身份、支付或生产数据操作；需要维护者和领域专家双重批准。","等待A完成"
"P057-C","P057","Primero","C-独立复验与草稿PR","P057-B","[Bug] Missing Back/Close Button in Search Functionality","https://github.com/primeroIMS/primero/issues/484","由不同用户在干净环境独立复验补丁，检查回归、许可证、敏感信息和提交质量，并准备草稿 PR。","review.md；干净环境复验日志；风险清单；草稿 PR 标题与正文；维护者决定记录。","补丁可重复应用；目标与必要回归测试通过；敏感信息扫描通过；变更符合贡献指南；只有维护者批准后才创建草稿 PR。","模型可辅助审查和撰写 PR，但最终结论必须由未参与 B 阶段的用户确认。","仅使用公开测试数据；禁止诊断、治疗、身份、支付或生产数据操作；需要维护者和领域专家双重批准。","等待B完成"
"P058-A","P058","iHRIS","A-复现与验收固化","","Docker setup throws error when ""Add Person"" is clicked","https://github.com/iHRIS/iHRIS/issues/479","在固定 commit 上复现候选 Issue，并把需求收敛为模型可执行、可自动判定的任务说明。","task-spec.md；最小复现；失败测试或确定性检查脚本；准确运行命令。","干净环境可重复得到预期失败；验收命令和期望结果明确；不修改生产实现；维护者确认任务边界。","可让模型分析仓库、生成复现步骤和测试，但不得让模型自行扩大需求范围。","仅使用公开测试数据；禁止诊断、治疗、身份、支付或生产数据操作；需要维护者和领域专家双重批准。","待维护者确认"
"P058-B","P058","iHRIS","B-模型实现最小修复","P058-A","Docker setup throws error when ""Add Person"" is clicked","https://github.com/iHRIS/iHRIS/issues/479","基于 A 阶段锁定的任务说明和失败测试，使用模型完成最小范围实现。","model.patch；变更说明；目标测试与相关回归测试日志；模型与运行参数记录。","A 阶段失败测试转为通过；相关既有测试无回归；无无关重构、依赖或格式化；补丁不含密钥和个人数据。","模型只能在隔离容器和固定 commit 上工作；禁用自动发布、自动合并和生产凭据。","仅使用公开测试数据；禁止诊断、治疗、身份、支付或生产数据操作；需要维护者和领域专家双重批准。","等待A完成"
"P058-C","P058","iHRIS","C-独立复验与草稿PR","P058-B","Docker setup throws error when ""Add Person"" is clicked","https://github.com/iHRIS/iHRIS/issues/479","由不同用户在干净环境独立复验补丁，检查回归、许可证、敏感信息和提交质量，并准备草稿 PR。","review.md；干净环境复验日志；风险清单；草稿 PR 标题与正文；维护者决定记录。","补丁可重复应用；目标与必要回归测试通过；敏感信息扫描通过；变更符合贡献指南；只有维护者批准后才创建草稿 PR。","模型可辅助审查和撰写 PR，但最终结论必须由未参与 B 阶段的用户确认。","仅使用公开测试数据；禁止诊断、治疗、身份、支付或生产数据操作；需要维护者和领域专家双重批准。","等待B完成"
"P059-A","P059","Open-Pryv.io","A-复现与验收固化","","[compliance] Backlog — MFA: document the extension point + ship reference plugins (TOTP / WebAuthn)","https://github.com/pryv/open-pryv.io/issues/78","在固定 commit 上复现候选 Issue，并把需求收敛为模型可执行、可自动判定的任务说明。","task-spec.md；最小复现；失败测试或确定性检查脚本；准确运行命令。","干净环境可重复得到预期失败；验收命令和期望结果明确；不修改生产实现；维护者确认任务边界。","可让模型分析仓库、生成复现步骤和测试，但不得让模型自行扩大需求范围。","仅修改任务授权范围；禁止访问真实个人数据；需要维护者批准后才能向上游提交。","待维护者确认"
"P059-B","P059","Open-Pryv.io","B-模型实现最小修复","P059-A","[compliance] Backlog — MFA: document the extension point + ship reference plugins (TOTP / WebAuthn)","https://github.com/pryv/open-pryv.io/issues/78","基于 A 阶段锁定的任务说明和失败测试，使用模型完成最小范围实现。","model.patch；变更说明；目标测试与相关回归测试日志；模型与运行参数记录。","A 阶段失败测试转为通过；相关既有测试无回归；无无关重构、依赖或格式化；补丁不含密钥和个人数据。","模型只能在隔离容器和固定 commit 上工作；禁用自动发布、自动合并和生产凭据。","仅修改任务授权范围；禁止访问真实个人数据；需要维护者批准后才能向上游提交。","等待A完成"
"P059-C","P059","Open-Pryv.io","C-独立复验与草稿PR","P059-B","[compliance] Backlog — MFA: document the extension point + ship reference plugins (TOTP / WebAuthn)","https://github.com/pryv/open-pryv.io/issues/78","由不同用户在干净环境独立复验补丁，检查回归、许可证、敏感信息和提交质量，并准备草稿 PR。","review.md；干净环境复验日志；风险清单；草稿 PR 标题与正文；维护者决定记录。","补丁可重复应用；目标与必要回归测试通过；敏感信息扫描通过；变更符合贡献指南；只有维护者批准后才创建草稿 PR。","模型可辅助审查和撰写 PR，但最终结论必须由未参与 B 阶段的用户确认。","仅修改任务授权范围；禁止访问真实个人数据；需要维护者批准后才能向上游提交。","等待B完成"
"P060-A","P060","Ersilia Model Hub","A-复现与验收固化","","🐛 Bug: Loading in memory when preparing output","https://github.com/ersilia-os/ersilia/issues/1844","在固定 commit 上复现候选 Issue，并把需求收敛为模型可执行、可自动判定的任务说明。","task-spec.md；最小复现；失败测试或确定性检查脚本；准确运行命令。","干净环境可重复得到预期失败；验收命令和期望结果明确；不修改生产实现；维护者确认任务边界。","可让模型分析仓库、生成复现步骤和测试，但不得让模型自行扩大需求范围。","仅使用公开测试数据；禁止诊断、治疗、身份、支付或生产数据操作；需要维护者和领域专家双重批准。","待维护者确认"
"P060-B","P060","Ersilia Model Hub","B-模型实现最小修复","P060-A","🐛 Bug: Loading in memory when preparing output","https://github.com/ersilia-os/ersilia/issues/1844","基于 A 阶段锁定的任务说明和失败测试，使用模型完成最小范围实现。","model.patch；变更说明；目标测试与相关回归测试日志；模型与运行参数记录。","A 阶段失败测试转为通过；相关既有测试无回归；无无关重构、依赖或格式化；补丁不含密钥和个人数据。","模型只能在隔离容器和固定 commit 上工作；禁用自动发布、自动合并和生产凭据。","仅使用公开测试数据；禁止诊断、治疗、身份、支付或生产数据操作；需要维护者和领域专家双重批准。","等待A完成"
"P060-C","P060","Ersilia Model Hub","C-独立复验与草稿PR","P060-B","🐛 Bug: Loading in memory when preparing output","https://github.com/ersilia-os/ersilia/issues/1844","由不同用户在干净环境独立复验补丁，检查回归、许可证、敏感信息和提交质量，并准备草稿 PR。","review.md；干净环境复验日志；风险清单；草稿 PR 标题与正文；维护者决定记录。","补丁可重复应用；目标与必要回归测试通过；敏感信息扫描通过；变更符合贡献指南；只有维护者批准后才创建草稿 PR。","模型可辅助审查和撰写 PR，但最终结论必须由未参与 B 阶段的用户确认。","仅使用公开测试数据；禁止诊断、治疗、身份、支付或生产数据操作；需要维护者和领域专家双重批准。","等待B完成"
"P061-A","P061","Android FHIR SDK","A-复现与验收固化","","Should FhirEngineProviderTestRule be part of the SDK?","https://github.com/ohs-foundation/android-fhir/issues/1699","在固定 commit 上复现候选 Issue，并把需求收敛为模型可执行、可自动判定的任务说明。","task-spec.md；最小复现；失败测试或确定性检查脚本；准确运行命令。","干净环境可重复得到预期失败；验收命令和期望结果明确；不修改生产实现；维护者确认任务边界。","可让模型分析仓库、生成复现步骤和测试，但不得让模型自行扩大需求范围。","仅使用公开测试数据；禁止诊断、治疗、身份、支付或生产数据操作；需要维护者和领域专家双重批准。","待维护者确认"
"P061-B","P061","Android FHIR SDK","B-模型实现最小修复","P061-A","Should FhirEngineProviderTestRule be part of the SDK?","https://github.com/ohs-foundation/android-fhir/issues/1699","基于 A 阶段锁定的任务说明和失败测试，使用模型完成最小范围实现。","model.patch；变更说明；目标测试与相关回归测试日志；模型与运行参数记录。","A 阶段失败测试转为通过；相关既有测试无回归；无无关重构、依赖或格式化；补丁不含密钥和个人数据。","模型只能在隔离容器和固定 commit 上工作；禁用自动发布、自动合并和生产凭据。","仅使用公开测试数据；禁止诊断、治疗、身份、支付或生产数据操作；需要维护者和领域专家双重批准。","等待A完成"
"P061-C","P061","Android FHIR SDK","C-独立复验与草稿PR","P061-B","Should FhirEngineProviderTestRule be part of the SDK?","https://github.com/ohs-foundation/android-fhir/issues/1699","由不同用户在干净环境独立复验补丁，检查回归、许可证、敏感信息和提交质量，并准备草稿 PR。","review.md；干净环境复验日志；风险清单；草稿 PR 标题与正文；维护者决定记录。","补丁可重复应用；目标与必要回归测试通过；敏感信息扫描通过；变更符合贡献指南；只有维护者批准后才创建草稿 PR。","模型可辅助审查和撰写 PR，但最终结论必须由未参与 B 阶段的用户确认。","仅使用公开测试数据；禁止诊断、治疗、身份、支付或生产数据操作；需要维护者和领域专家双重批准。","等待B完成"
"P062-A","P062","OpenSPP","A-复现与验收固化","","spp_registry: /mail/message/update_content controller is broken on Odoo 19 — calls removed ir.attachment._check_attachments_access","https://github.com/OpenSPP/OpenSPP2/issues/419","在固定 commit 上复现候选 Issue，并把需求收敛为模型可执行、可自动判定的任务说明。","task-spec.md；最小复现；失败测试或确定性检查脚本；准确运行命令。","干净环境可重复得到预期失败；验收命令和期望结果明确；不修改生产实现；维护者确认任务边界。","可让模型分析仓库、生成复现步骤和测试，但不得让模型自行扩大需求范围。","仅使用公开测试数据；禁止诊断、治疗、身份、支付或生产数据操作；需要维护者和领域专家双重批准。","待维护者确认"
"P062-B","P062","OpenSPP","B-模型实现最小修复","P062-A","spp_registry: /mail/message/update_content controller is broken on Odoo 19 — calls removed ir.attachment._check_attachments_access","https://github.com/OpenSPP/OpenSPP2/issues/419","基于 A 阶段锁定的任务说明和失败测试，使用模型完成最小范围实现。","model.patch；变更说明；目标测试与相关回归测试日志；模型与运行参数记录。","A 阶段失败测试转为通过；相关既有测试无回归；无无关重构、依赖或格式化；补丁不含密钥和个人数据。","模型只能在隔离容器和固定 commit 上工作；禁用自动发布、自动合并和生产凭据。","仅使用公开测试数据；禁止诊断、治疗、身份、支付或生产数据操作；需要维护者和领域专家双重批准。","等待A完成"
"P062-C","P062","OpenSPP","C-独立复验与草稿PR","P062-B","spp_registry: /mail/message/update_content controller is broken on Odoo 19 — calls removed ir.attachment._check_attachments_access","https://github.com/OpenSPP/OpenSPP2/issues/419","由不同用户在干净环境独立复验补丁，检查回归、许可证、敏感信息和提交质量，并准备草稿 PR。","review.md；干净环境复验日志；风险清单；草稿 PR 标题与正文；维护者决定记录。","补丁可重复应用；目标与必要回归测试通过；敏感信息扫描通过；变更符合贡献指南；只有维护者批准后才创建草稿 PR。","模型可辅助审查和撰写 PR，但最终结论必须由未参与 B 阶段的用户确认。","仅使用公开测试数据；禁止诊断、治疗、身份、支付或生产数据操作；需要维护者和领域专家双重批准。","等待B完成"
"P063-A","P063","Rahat","A-复现与验收固化","","Add Explicit Return Type Annotations to Service Methods","https://github.com/rahataid/rahat-platform/issues/445","在固定 commit 上复现候选 Issue，并把需求收敛为模型可执行、可自动判定的任务说明。","task-spec.md；最小复现；失败测试或确定性检查脚本；准确运行命令。","干净环境可重复得到预期失败；验收命令和期望结果明确；不修改生产实现；维护者确认任务边界。","可让模型分析仓库、生成复现步骤和测试，但不得让模型自行扩大需求范围。","仅修改任务授权范围；禁止访问真实个人数据；需要维护者批准后才能向上游提交。","待维护者确认"
"P063-B","P063","Rahat","B-模型实现最小修复","P063-A","Add Explicit Return Type Annotations to Service Methods","https://github.com/rahataid/rahat-platform/issues/445","基于 A 阶段锁定的任务说明和失败测试，使用模型完成最小范围实现。","model.patch；变更说明；目标测试与相关回归测试日志；模型与运行参数记录。","A 阶段失败测试转为通过；相关既有测试无回归；无无关重构、依赖或格式化；补丁不含密钥和个人数据。","模型只能在隔离容器和固定 commit 上工作；禁用自动发布、自动合并和生产凭据。","仅修改任务授权范围；禁止访问真实个人数据；需要维护者批准后才能向上游提交。","等待A完成"
"P063-C","P063","Rahat","C-独立复验与草稿PR","P063-B","Add Explicit Return Type Annotations to Service Methods","https://github.com/rahataid/rahat-platform/issues/445","由不同用户在干净环境独立复验补丁，检查回归、许可证、敏感信息和提交质量，并准备草稿 PR。","review.md；干净环境复验日志；风险清单；草稿 PR 标题与正文；维护者决定记录。","补丁可重复应用；目标与必要回归测试通过；敏感信息扫描通过；变更符合贡献指南；只有维护者批准后才创建草稿 PR。","模型可辅助审查和撰写 PR，但最终结论必须由未参与 B 阶段的用户确认。","仅修改任务授权范围；禁止访问真实个人数据；需要维护者批准后才能向上游提交。","等待B完成"
"P064-A","P064","Data Norge","A-复现与验收固化","","WCAG: Semantikk feil på checkbokser / filtreringsmuligheter 4.1.2, 1.3.1, 4.1.1","https://github.com/Informasjonsforvaltning/fdk-portal/issues/1624","在固定 commit 上复现候选 Issue，并把需求收敛为模型可执行、可自动判定的任务说明。","task-spec.md；最小复现；失败测试或确定性检查脚本；准确运行命令。","干净环境可重复得到预期失败；验收命令和期望结果明确；不修改生产实现；维护者确认任务边界。","可让模型分析仓库、生成复现步骤和测试，但不得让模型自行扩大需求范围。","仅修改任务授权范围；禁止访问真实个人数据；需要维护者批准后才能向上游提交。","待维护者确认"
"P064-B","P064","Data Norge","B-模型实现最小修复","P064-A","WCAG: Semantikk feil på checkbokser / filtreringsmuligheter 4.1.2, 1.3.1, 4.1.1","https://github.com/Informasjonsforvaltning/fdk-portal/issues/1624","基于 A 阶段锁定的任务说明和失败测试，使用模型完成最小范围实现。","model.patch；变更说明；目标测试与相关回归测试日志；模型与运行参数记录。","A 阶段失败测试转为通过；相关既有测试无回归；无无关重构、依赖或格式化；补丁不含密钥和个人数据。","模型只能在隔离容器和固定 commit 上工作；禁用自动发布、自动合并和生产凭据。","仅修改任务授权范围；禁止访问真实个人数据；需要维护者批准后才能向上游提交。","等待A完成"
"P064-C","P064","Data Norge","C-独立复验与草稿PR","P064-B","WCAG: Semantikk feil på checkbokser / filtreringsmuligheter 4.1.2, 1.3.1, 4.1.1","https://github.com/Informasjonsforvaltning/fdk-portal/issues/1624","由不同用户在干净环境独立复验补丁，检查回归、许可证、敏感信息和提交质量，并准备草稿 PR。","review.md；干净环境复验日志；风险清单；草稿 PR 标题与正文；维护者决定记录。","补丁可重复应用；目标与必要回归测试通过；敏感信息扫描通过；变更符合贡献指南；只有维护者批准后才创建草稿 PR。","模型可辅助审查和撰写 PR，但最终结论必须由未参与 B 阶段的用户确认。","仅修改任务授权范围；禁止访问真实个人数据；需要维护者批准后才能向上游提交。","等待B完成"
"P065-A","P065","Media Cloud","A-复现与验收固化","","deploy.sh does not detect new files that have not been git add-ed!","https://github.com/mediacloud/story-indexer/issues/427","在固定 commit 上复现候选 Issue，并把需求收敛为模型可执行、可自动判定的任务说明。","task-spec.md；最小复现；失败测试或确定性检查脚本；准确运行命令。","干净环境可重复得到预期失败；验收命令和期望结果明确；不修改生产实现；维护者确认任务边界。","可让模型分析仓库、生成复现步骤和测试，但不得让模型自行扩大需求范围。","仅修改任务授权范围；禁止携带密钥和个人数据；需要维护者批准后才能向上游提交。","待维护者确认"
"P065-B","P065","Media Cloud","B-模型实现最小修复","P065-A","deploy.sh does not detect new files that have not been git add-ed!","https://github.com/mediacloud/story-indexer/issues/427","基于 A 阶段锁定的任务说明和失败测试，使用模型完成最小范围实现。","model.patch；变更说明；目标测试与相关回归测试日志；模型与运行参数记录。","A 阶段失败测试转为通过；相关既有测试无回归；无无关重构、依赖或格式化；补丁不含密钥和个人数据。","模型只能在隔离容器和固定 commit 上工作；禁用自动发布、自动合并和生产凭据。","仅修改任务授权范围；禁止携带密钥和个人数据；需要维护者批准后才能向上游提交。","等待A完成"
"P065-C","P065","Media Cloud","C-独立复验与草稿PR","P065-B","deploy.sh does not detect new files that have not been git add-ed!","https://github.com/mediacloud/story-indexer/issues/427","由不同用户在干净环境独立复验补丁，检查回归、许可证、敏感信息和提交质量，并准备草稿 PR。","review.md；干净环境复验日志；风险清单；草稿 PR 标题与正文；维护者决定记录。","补丁可重复应用；目标与必要回归测试通过；敏感信息扫描通过；变更符合贡献指南；只有维护者批准后才创建草稿 PR。","模型可辅助审查和撰写 PR，但最终结论必须由未参与 B 阶段的用户确认。","仅修改任务授权范围；禁止携带密钥和个人数据；需要维护者批准后才能向上游提交。","等待B完成"
"P066-A","P066","Oky","A-复现与验收固化","","[Bug] Avatar speech bubble and overlapping","https://github.com/Oky-period-tracker/periodtracker/issues/244","在固定 commit 上复现候选 Issue，并把需求收敛为模型可执行、可自动判定的任务说明。","task-spec.md；最小复现；失败测试或确定性检查脚本；准确运行命令。","干净环境可重复得到预期失败；验收命令和期望结果明确；不修改生产实现；维护者确认任务边界。","可让模型分析仓库、生成复现步骤和测试，但不得让模型自行扩大需求范围。","仅使用公开测试数据；禁止诊断、治疗、身份、支付或生产数据操作；需要维护者和领域专家双重批准。","待维护者确认"
"P066-B","P066","Oky","B-模型实现最小修复","P066-A","[Bug] Avatar speech bubble and overlapping","https://github.com/Oky-period-tracker/periodtracker/issues/244","基于 A 阶段锁定的任务说明和失败测试，使用模型完成最小范围实现。","model.patch；变更说明；目标测试与相关回归测试日志；模型与运行参数记录。","A 阶段失败测试转为通过；相关既有测试无回归；无无关重构、依赖或格式化；补丁不含密钥和个人数据。","模型只能在隔离容器和固定 commit 上工作；禁用自动发布、自动合并和生产凭据。","仅使用公开测试数据；禁止诊断、治疗、身份、支付或生产数据操作；需要维护者和领域专家双重批准。","等待A完成"
"P066-C","P066","Oky","C-独立复验与草稿PR","P066-B","[Bug] Avatar speech bubble and overlapping","https://github.com/Oky-period-tracker/periodtracker/issues/244","由不同用户在干净环境独立复验补丁，检查回归、许可证、敏感信息和提交质量，并准备草稿 PR。","review.md；干净环境复验日志；风险清单；草稿 PR 标题与正文；维护者决定记录。","补丁可重复应用；目标与必要回归测试通过；敏感信息扫描通过；变更符合贡献指南；只有维护者批准后才创建草稿 PR。","模型可辅助审查和撰写 PR，但最终结论必须由未参与 B 阶段的用户确认。","仅使用公开测试数据；禁止诊断、治疗、身份、支付或生产数据操作；需要维护者和领域专家双重批准。","等待B完成"
"P067-A","P067","Oobee","A-复现与验收固化","","after updating, a previously working scan failed","https://github.com/GovTechSG/oobee-desktop/issues/179","在固定 commit 上复现候选 Issue，并把需求收敛为模型可执行、可自动判定的任务说明。","task-spec.md；最小复现；失败测试或确定性检查脚本；准确运行命令。","干净环境可重复得到预期失败；验收命令和期望结果明确；不修改生产实现；维护者确认任务边界。","可让模型分析仓库、生成复现步骤和测试，但不得让模型自行扩大需求范围。","仅修改任务授权范围；禁止访问真实个人数据；需要维护者批准后才能向上游提交。","待维护者确认"
"P067-B","P067","Oobee","B-模型实现最小修复","P067-A","after updating, a previously working scan failed","https://github.com/GovTechSG/oobee-desktop/issues/179","基于 A 阶段锁定的任务说明和失败测试，使用模型完成最小范围实现。","model.patch；变更说明；目标测试与相关回归测试日志；模型与运行参数记录。","A 阶段失败测试转为通过；相关既有测试无回归；无无关重构、依赖或格式化；补丁不含密钥和个人数据。","模型只能在隔离容器和固定 commit 上工作；禁用自动发布、自动合并和生产凭据。","仅修改任务授权范围；禁止访问真实个人数据；需要维护者批准后才能向上游提交。","等待A完成"
"P067-C","P067","Oobee","C-独立复验与草稿PR","P067-B","after updating, a previously working scan failed","https://github.com/GovTechSG/oobee-desktop/issues/179","由不同用户在干净环境独立复验补丁，检查回归、许可证、敏感信息和提交质量，并准备草稿 PR。","review.md；干净环境复验日志；风险清单；草稿 PR 标题与正文；维护者决定记录。","补丁可重复应用；目标与必要回归测试通过；敏感信息扫描通过；变更符合贡献指南；只有维护者批准后才创建草稿 PR。","模型可辅助审查和撰写 PR，但最终结论必须由未参与 B 阶段的用户确认。","仅修改任务授权范围；禁止访问真实个人数据；需要维护者批准后才能向上游提交。","等待B完成"
"P068-A","P068","Bebbo Parenting App","A-复现与验收固化","","Replace Bebbo Pacific chatbot SVG logo and verify display in Chatbot screen","https://github.com/UNICEFECAR/parenting-app-bebbo-mobile/issues/1074","在固定 commit 上复现候选 Issue，并把需求收敛为模型可执行、可自动判定的任务说明。","task-spec.md；最小复现；失败测试或确定性检查脚本；准确运行命令。","干净环境可重复得到预期失败；验收命令和期望结果明确；不修改生产实现；维护者确认任务边界。","可让模型分析仓库、生成复现步骤和测试，但不得让模型自行扩大需求范围。","仅使用公开测试数据；禁止诊断、治疗、身份、支付或生产数据操作；需要维护者和领域专家双重批准。","待维护者确认"
"P068-B","P068","Bebbo Parenting App","B-模型实现最小修复","P068-A","Replace Bebbo Pacific chatbot SVG logo and verify display in Chatbot screen","https://github.com/UNICEFECAR/parenting-app-bebbo-mobile/issues/1074","基于 A 阶段锁定的任务说明和失败测试，使用模型完成最小范围实现。","model.patch；变更说明；目标测试与相关回归测试日志；模型与运行参数记录。","A 阶段失败测试转为通过；相关既有测试无回归；无无关重构、依赖或格式化；补丁不含密钥和个人数据。","模型只能在隔离容器和固定 commit 上工作；禁用自动发布、自动合并和生产凭据。","仅使用公开测试数据；禁止诊断、治疗、身份、支付或生产数据操作；需要维护者和领域专家双重批准。","等待A完成"
"P068-C","P068","Bebbo Parenting App","C-独立复验与草稿PR","P068-B","Replace Bebbo Pacific chatbot SVG logo and verify display in Chatbot screen","https://github.com/UNICEFECAR/parenting-app-bebbo-mobile/issues/1074","由不同用户在干净环境独立复验补丁，检查回归、许可证、敏感信息和提交质量，并准备草稿 PR。","review.md；干净环境复验日志；风险清单；草稿 PR 标题与正文；维护者决定记录。","补丁可重复应用；目标与必要回归测试通过；敏感信息扫描通过；变更符合贡献指南；只有维护者批准后才创建草稿 PR。","模型可辅助审查和撰写 PR，但最终结论必须由未参与 B 阶段的用户确认。","仅使用公开测试数据；禁止诊断、治疗、身份、支付或生产数据操作；需要维护者和领域专家双重批准。","等待B完成"
"P069-A","P069","GeoPrism Registry","A-复现与验收固化","","External Id event/remote synchronization support","https://github.com/terraframe/geoprism-registry/issues/990","在固定 commit 上复现候选 Issue，并把需求收敛为模型可执行、可自动判定的任务说明。","task-spec.md；最小复现；失败测试或确定性检查脚本；准确运行命令。","干净环境可重复得到预期失败；验收命令和期望结果明确；不修改生产实现；维护者确认任务边界。","可让模型分析仓库、生成复现步骤和测试，但不得让模型自行扩大需求范围。","仅使用公开测试数据；禁止诊断、治疗、身份、支付或生产数据操作；需要维护者和领域专家双重批准。","待维护者确认"
"P069-B","P069","GeoPrism Registry","B-模型实现最小修复","P069-A","External Id event/remote synchronization support","https://github.com/terraframe/geoprism-registry/issues/990","基于 A 阶段锁定的任务说明和失败测试，使用模型完成最小范围实现。","model.patch；变更说明；目标测试与相关回归测试日志；模型与运行参数记录。","A 阶段失败测试转为通过；相关既有测试无回归；无无关重构、依赖或格式化；补丁不含密钥和个人数据。","模型只能在隔离容器和固定 commit 上工作；禁用自动发布、自动合并和生产凭据。","仅使用公开测试数据；禁止诊断、治疗、身份、支付或生产数据操作；需要维护者和领域专家双重批准。","等待A完成"
"P069-C","P069","GeoPrism Registry","C-独立复验与草稿PR","P069-B","External Id event/remote synchronization support","https://github.com/terraframe/geoprism-registry/issues/990","由不同用户在干净环境独立复验补丁，检查回归、许可证、敏感信息和提交质量，并准备草稿 PR。","review.md；干净环境复验日志；风险清单；草稿 PR 标题与正文；维护者决定记录。","补丁可重复应用；目标与必要回归测试通过；敏感信息扫描通过；变更符合贡献指南；只有维护者批准后才创建草稿 PR。","模型可辅助审查和撰写 PR，但最终结论必须由未参与 B 阶段的用户确认。","仅使用公开测试数据；禁止诊断、治疗、身份、支付或生产数据操作；需要维护者和领域专家双重批准。","等待B完成"
"P070-A","P070","Mojaloop","A-复现与验收固化","","unhandled rejection is bubbling out from unit test","https://github.com/mojaloop/central-ledger/issues/754","在固定 commit 上复现候选 Issue，并把需求收敛为模型可执行、可自动判定的任务说明。","task-spec.md；最小复现；失败测试或确定性检查脚本；准确运行命令。","干净环境可重复得到预期失败；验收命令和期望结果明确；不修改生产实现；维护者确认任务边界。","可让模型分析仓库、生成复现步骤和测试，但不得让模型自行扩大需求范围。","仅使用公开测试数据；禁止诊断、治疗、身份、支付或生产数据操作；需要维护者和领域专家双重批准。","待维护者确认"
"P070-B","P070","Mojaloop","B-模型实现最小修复","P070-A","unhandled rejection is bubbling out from unit test","https://github.com/mojaloop/central-ledger/issues/754","基于 A 阶段锁定的任务说明和失败测试，使用模型完成最小范围实现。","model.patch；变更说明；目标测试与相关回归测试日志；模型与运行参数记录。","A 阶段失败测试转为通过；相关既有测试无回归；无无关重构、依赖或格式化；补丁不含密钥和个人数据。","模型只能在隔离容器和固定 commit 上工作；禁用自动发布、自动合并和生产凭据。","仅使用公开测试数据；禁止诊断、治疗、身份、支付或生产数据操作；需要维护者和领域专家双重批准。","等待A完成"
"P070-C","P070","Mojaloop","C-独立复验与草稿PR","P070-B","unhandled rejection is bubbling out from unit test","https://github.com/mojaloop/central-ledger/issues/754","由不同用户在干净环境独立复验补丁，检查回归、许可证、敏感信息和提交质量，并准备草稿 PR。","review.md；干净环境复验日志；风险清单；草稿 PR 标题与正文；维护者决定记录。","补丁可重复应用；目标与必要回归测试通过；敏感信息扫描通过；变更符合贡献指南；只有维护者批准后才创建草稿 PR。","模型可辅助审查和撰写 PR，但最终结论必须由未参与 B 阶段的用户确认。","仅使用公开测试数据；禁止诊断、治疗、身份、支付或生产数据操作；需要维护者和领域专家双重批准。","等待B完成"
"P071-A","P071","National Carbon Credit Registry","A-复现与验收固化","","Add reference to activity timeline when credit is issued","https://github.com/undp/undp-national-carbon-registry/issues/297","在固定 commit 上复现候选 Issue，并把需求收敛为模型可执行、可自动判定的任务说明。","task-spec.md；最小复现；失败测试或确定性检查脚本；准确运行命令。","干净环境可重复得到预期失败；验收命令和期望结果明确；不修改生产实现；维护者确认任务边界。","可让模型分析仓库、生成复现步骤和测试，但不得让模型自行扩大需求范围。","仅修改任务授权范围；禁止携带密钥和个人数据；需要维护者批准后才能向上游提交。","待维护者确认"
"P071-B","P071","National Carbon Credit Registry","B-模型实现最小修复","P071-A","Add reference to activity timeline when credit is issued","https://github.com/undp/undp-national-carbon-registry/issues/297","基于 A 阶段锁定的任务说明和失败测试，使用模型完成最小范围实现。","model.patch；变更说明；目标测试与相关回归测试日志；模型与运行参数记录。","A 阶段失败测试转为通过；相关既有测试无回归；无无关重构、依赖或格式化；补丁不含密钥和个人数据。","模型只能在隔离容器和固定 commit 上工作；禁用自动发布、自动合并和生产凭据。","仅修改任务授权范围；禁止携带密钥和个人数据；需要维护者批准后才能向上游提交。","等待A完成"
"P071-C","P071","National Carbon Credit Registry","C-独立复验与草稿PR","P071-B","Add reference to activity timeline when credit is issued","https://github.com/undp/undp-national-carbon-registry/issues/297","由不同用户在干净环境独立复验补丁，检查回归、许可证、敏感信息和提交质量，并准备草稿 PR。","review.md；干净环境复验日志；风险清单；草稿 PR 标题与正文；维护者决定记录。","补丁可重复应用；目标与必要回归测试通过；敏感信息扫描通过；变更符合贡献指南；只有维护者批准后才创建草稿 PR。","模型可辅助审查和撰写 PR，但最终结论必须由未参与 B 阶段的用户确认。","仅修改任务授权范围；禁止携带密钥和个人数据；需要维护者批准后才能向上游提交。","等待B完成"
"P072-A","P072","Kindly","A-复现与验收固化","","Beginning work on Contribution guidlines","https://github.com/unicef/kindly/issues/125","在固定 commit 上复现候选 Issue，并把需求收敛为模型可执行、可自动判定的任务说明。","task-spec.md；最小复现；失败测试或确定性检查脚本；准确运行命令。","干净环境可重复得到预期失败；验收命令和期望结果明确；不修改生产实现；维护者确认任务边界。","可让模型分析仓库、生成复现步骤和测试，但不得让模型自行扩大需求范围。","仅使用公开测试数据；禁止诊断、治疗、身份、支付或生产数据操作；需要维护者和领域专家双重批准。","待维护者确认"
"P072-B","P072","Kindly","B-模型实现最小修复","P072-A","Beginning work on Contribution guidlines","https://github.com/unicef/kindly/issues/125","基于 A 阶段锁定的任务说明和失败测试，使用模型完成最小范围实现。","model.patch；变更说明；目标测试与相关回归测试日志；模型与运行参数记录。","A 阶段失败测试转为通过；相关既有测试无回归；无无关重构、依赖或格式化；补丁不含密钥和个人数据。","模型只能在隔离容器和固定 commit 上工作；禁用自动发布、自动合并和生产凭据。","仅使用公开测试数据；禁止诊断、治疗、身份、支付或生产数据操作；需要维护者和领域专家双重批准。","等待A完成"
"P072-C","P072","Kindly","C-独立复验与草稿PR","P072-B","Beginning work on Contribution guidlines","https://github.com/unicef/kindly/issues/125","由不同用户在干净环境独立复验补丁，检查回归、许可证、敏感信息和提交质量，并准备草稿 PR。","review.md；干净环境复验日志；风险清单；草稿 PR 标题与正文；维护者决定记录。","补丁可重复应用；目标与必要回归测试通过；敏感信息扫描通过；变更符合贡献指南；只有维护者批准后才创建草稿 PR。","模型可辅助审查和撰写 PR，但最终结论必须由未参与 B 阶段的用户确认。","仅使用公开测试数据；禁止诊断、治疗、身份、支付或生产数据操作；需要维护者和领域专家双重批准。","等待B完成"
"P073-A","P073","Accessible Medical Records via Integrated Technologies","A-复现与验收固化","","[C4GT Community] API Status Code Correction, Swagger Alignment & UI Error Handling in HWC-API & HWC-UI","https://github.com/PSMRI/AMRIT/issues/115","在固定 commit 上复现候选 Issue，并把需求收敛为模型可执行、可自动判定的任务说明。","task-spec.md；最小复现；失败测试或确定性检查脚本；准确运行命令。","干净环境可重复得到预期失败；验收命令和期望结果明确；不修改生产实现；维护者确认任务边界。","可让模型分析仓库、生成复现步骤和测试，但不得让模型自行扩大需求范围。","仅使用公开测试数据；禁止诊断、治疗、身份、支付或生产数据操作；需要维护者和领域专家双重批准。","待维护者确认"
"P073-B","P073","Accessible Medical Records via Integrated Technologies","B-模型实现最小修复","P073-A","[C4GT Community] API Status Code Correction, Swagger Alignment & UI Error Handling in HWC-API & HWC-UI","https://github.com/PSMRI/AMRIT/issues/115","基于 A 阶段锁定的任务说明和失败测试，使用模型完成最小范围实现。","model.patch；变更说明；目标测试与相关回归测试日志；模型与运行参数记录。","A 阶段失败测试转为通过；相关既有测试无回归；无无关重构、依赖或格式化；补丁不含密钥和个人数据。","模型只能在隔离容器和固定 commit 上工作；禁用自动发布、自动合并和生产凭据。","仅使用公开测试数据；禁止诊断、治疗、身份、支付或生产数据操作；需要维护者和领域专家双重批准。","等待A完成"
"P073-C","P073","Accessible Medical Records via Integrated Technologies","C-独立复验与草稿PR","P073-B","[C4GT Community] API Status Code Correction, Swagger Alignment & UI Error Handling in HWC-API & HWC-UI","https://github.com/PSMRI/AMRIT/issues/115","由不同用户在干净环境独立复验补丁，检查回归、许可证、敏感信息和提交质量，并准备草稿 PR。","review.md；干净环境复验日志；风险清单；草稿 PR 标题与正文；维护者决定记录。","补丁可重复应用；目标与必要回归测试通过；敏感信息扫描通过；变更符合贡献指南；只有维护者批准后才创建草稿 PR。","模型可辅助审查和撰写 PR，但最终结论必须由未参与 B 阶段的用户确认。","仅使用公开测试数据；禁止诊断、治疗、身份、支付或生产数据操作；需要维护者和领域专家双重批准。","等待B完成"
"P074-A","P074","SimpleAudit","A-复现与验收固化","","[Feature] Judge-the-judge scenario packs: qualifying a judge model by auditing it in the target seat","https://github.com/kelkalot/simpleaudit/issues/49","在固定 commit 上复现候选 Issue，并把需求收敛为模型可执行、可自动判定的任务说明。","task-spec.md；最小复现；失败测试或确定性检查脚本；准确运行命令。","干净环境可重复得到预期失败；验收命令和期望结果明确；不修改生产实现；维护者确认任务边界。","可让模型分析仓库、生成复现步骤和测试，但不得让模型自行扩大需求范围。","仅使用公开测试数据；禁止诊断、治疗、身份、支付或生产数据操作；需要维护者和领域专家双重批准。","待维护者确认"
"P074-B","P074","SimpleAudit","B-模型实现最小修复","P074-A","[Feature] Judge-the-judge scenario packs: qualifying a judge model by auditing it in the target seat","https://github.com/kelkalot/simpleaudit/issues/49","基于 A 阶段锁定的任务说明和失败测试，使用模型完成最小范围实现。","model.patch；变更说明；目标测试与相关回归测试日志；模型与运行参数记录。","A 阶段失败测试转为通过；相关既有测试无回归；无无关重构、依赖或格式化；补丁不含密钥和个人数据。","模型只能在隔离容器和固定 commit 上工作；禁用自动发布、自动合并和生产凭据。","仅使用公开测试数据；禁止诊断、治疗、身份、支付或生产数据操作；需要维护者和领域专家双重批准。","等待A完成"
"P074-C","P074","SimpleAudit","C-独立复验与草稿PR","P074-B","[Feature] Judge-the-judge scenario packs: qualifying a judge model by auditing it in the target seat","https://github.com/kelkalot/simpleaudit/issues/49","由不同用户在干净环境独立复验补丁，检查回归、许可证、敏感信息和提交质量，并准备草稿 PR。","review.md；干净环境复验日志；风险清单；草稿 PR 标题与正文；维护者决定记录。","补丁可重复应用；目标与必要回归测试通过；敏感信息扫描通过；变更符合贡献指南；只有维护者批准后才创建草稿 PR。","模型可辅助审查和撰写 PR，但最终结论必须由未参与 B 阶段的用户确认。","仅使用公开测试数据；禁止诊断、治疗、身份、支付或生产数据操作；需要维护者和领域专家双重批准。","等待B完成"
"P075-A","P075","linelist","A-复现与验收固化","","add example on how to use the `allow_extra` argument in linelist and validation steps","https://github.com/epiverse-trace/linelist/issues/176","在固定 commit 上复现候选 Issue，并把需求收敛为模型可执行、可自动判定的任务说明。","task-spec.md；最小复现；失败测试或确定性检查脚本；准确运行命令。","干净环境可重复得到预期失败；验收命令和期望结果明确；不修改生产实现；维护者确认任务边界。","可让模型分析仓库、生成复现步骤和测试，但不得让模型自行扩大需求范围。","仅使用公开测试数据；禁止诊断、治疗、身份、支付或生产数据操作；需要维护者和领域专家双重批准。","待维护者确认"
"P075-B","P075","linelist","B-模型实现最小修复","P075-A","add example on how to use the `allow_extra` argument in linelist and validation steps","https://github.com/epiverse-trace/linelist/issues/176","基于 A 阶段锁定的任务说明和失败测试，使用模型完成最小范围实现。","model.patch；变更说明；目标测试与相关回归测试日志；模型与运行参数记录。","A 阶段失败测试转为通过；相关既有测试无回归；无无关重构、依赖或格式化；补丁不含密钥和个人数据。","模型只能在隔离容器和固定 commit 上工作；禁用自动发布、自动合并和生产凭据。","仅使用公开测试数据；禁止诊断、治疗、身份、支付或生产数据操作；需要维护者和领域专家双重批准。","等待A完成"
"P075-C","P075","linelist","C-独立复验与草稿PR","P075-B","add example on how to use the `allow_extra` argument in linelist and validation steps","https://github.com/epiverse-trace/linelist/issues/176","由不同用户在干净环境独立复验补丁，检查回归、许可证、敏感信息和提交质量，并准备草稿 PR。","review.md；干净环境复验日志；风险清单；草稿 PR 标题与正文；维护者决定记录。","补丁可重复应用；目标与必要回归测试通过；敏感信息扫描通过；变更符合贡献指南；只有维护者批准后才创建草稿 PR。","模型可辅助审查和撰写 PR，但最终结论必须由未参与 B 阶段的用户确认。","仅使用公开测试数据；禁止诊断、治疗、身份、支付或生产数据操作；需要维护者和领域专家双重批准。","等待B完成"
"P076-A","P076","Syft","A-复现与验收固化","","Gaps in testing (local Python --> local GDrive --> Colab)","https://github.com/OpenMined/PySyft/issues/9411","在固定 commit 上复现候选 Issue，并把需求收敛为模型可执行、可自动判定的任务说明。","task-spec.md；最小复现；失败测试或确定性检查脚本；准确运行命令。","干净环境可重复得到预期失败；验收命令和期望结果明确；不修改生产实现；维护者确认任务边界。","可让模型分析仓库、生成复现步骤和测试，但不得让模型自行扩大需求范围。","仅修改任务授权范围；禁止携带密钥和个人数据；需要维护者批准后才能向上游提交。","待维护者确认"
"P076-B","P076","Syft","B-模型实现最小修复","P076-A","Gaps in testing (local Python --> local GDrive --> Colab)","https://github.com/OpenMined/PySyft/issues/9411","基于 A 阶段锁定的任务说明和失败测试，使用模型完成最小范围实现。","model.patch；变更说明；目标测试与相关回归测试日志；模型与运行参数记录。","A 阶段失败测试转为通过；相关既有测试无回归；无无关重构、依赖或格式化；补丁不含密钥和个人数据。","模型只能在隔离容器和固定 commit 上工作；禁用自动发布、自动合并和生产凭据。","仅修改任务授权范围；禁止携带密钥和个人数据；需要维护者批准后才能向上游提交。","等待A完成"
"P076-C","P076","Syft","C-独立复验与草稿PR","P076-B","Gaps in testing (local Python --> local GDrive --> Colab)","https://github.com/OpenMined/PySyft/issues/9411","由不同用户在干净环境独立复验补丁，检查回归、许可证、敏感信息和提交质量，并准备草稿 PR。","review.md；干净环境复验日志；风险清单；草稿 PR 标题与正文；维护者决定记录。","补丁可重复应用；目标与必要回归测试通过；敏感信息扫描通过；变更符合贡献指南；只有维护者批准后才创建草稿 PR。","模型可辅助审查和撰写 PR，但最终结论必须由未参与 B 阶段的用户确认。","仅修改任务授权范围；禁止携带密钥和个人数据；需要维护者批准后才能向上游提交。","等待B完成"
"P077-A","P077","Open Data Editor","A-复现与验收固化","","Date and Time data Interpreted as Type Mismatch Errors","https://github.com/okfn/opendataeditor/issues/1085","在固定 commit 上复现候选 Issue，并把需求收敛为模型可执行、可自动判定的任务说明。","task-spec.md；最小复现；失败测试或确定性检查脚本；准确运行命令。","干净环境可重复得到预期失败；验收命令和期望结果明确；不修改生产实现；维护者确认任务边界。","可让模型分析仓库、生成复现步骤和测试，但不得让模型自行扩大需求范围。","仅修改任务授权范围；禁止访问真实个人数据；需要维护者批准后才能向上游提交。","待维护者确认"
"P077-B","P077","Open Data Editor","B-模型实现最小修复","P077-A","Date and Time data Interpreted as Type Mismatch Errors","https://github.com/okfn/opendataeditor/issues/1085","基于 A 阶段锁定的任务说明和失败测试，使用模型完成最小范围实现。","model.patch；变更说明；目标测试与相关回归测试日志；模型与运行参数记录。","A 阶段失败测试转为通过；相关既有测试无回归；无无关重构、依赖或格式化；补丁不含密钥和个人数据。","模型只能在隔离容器和固定 commit 上工作；禁用自动发布、自动合并和生产凭据。","仅修改任务授权范围；禁止访问真实个人数据；需要维护者批准后才能向上游提交。","等待A完成"
"P077-C","P077","Open Data Editor","C-独立复验与草稿PR","P077-B","Date and Time data Interpreted as Type Mismatch Errors","https://github.com/okfn/opendataeditor/issues/1085","由不同用户在干净环境独立复验补丁，检查回归、许可证、敏感信息和提交质量，并准备草稿 PR。","review.md；干净环境复验日志；风险清单；草稿 PR 标题与正文；维护者决定记录。","补丁可重复应用；目标与必要回归测试通过；敏感信息扫描通过；变更符合贡献指南；只有维护者批准后才创建草稿 PR。","模型可辅助审查和撰写 PR，但最终结论必须由未参与 B 阶段的用户确认。","仅修改任务授权范围；禁止访问真实个人数据；需要维护者批准后才能向上游提交。","等待B完成"
"P078-A","P078","Care | Open Healthcare Network","A-复现与验收固化","","Add Codespaces setup guide for new contributors","https://github.com/ohcnetwork/care/issues/3590","在固定 commit 上复现候选 Issue，并把需求收敛为模型可执行、可自动判定的任务说明。","task-spec.md；最小复现；失败测试或确定性检查脚本；准确运行命令。","干净环境可重复得到预期失败；验收命令和期望结果明确；不修改生产实现；维护者确认任务边界。","可让模型分析仓库、生成复现步骤和测试，但不得让模型自行扩大需求范围。","仅使用公开测试数据；禁止诊断、治疗、身份、支付或生产数据操作；需要维护者和领域专家双重批准。","待维护者确认"
"P078-B","P078","Care | Open Healthcare Network","B-模型实现最小修复","P078-A","Add Codespaces setup guide for new contributors","https://github.com/ohcnetwork/care/issues/3590","基于 A 阶段锁定的任务说明和失败测试，使用模型完成最小范围实现。","model.patch；变更说明；目标测试与相关回归测试日志；模型与运行参数记录。","A 阶段失败测试转为通过；相关既有测试无回归；无无关重构、依赖或格式化；补丁不含密钥和个人数据。","模型只能在隔离容器和固定 commit 上工作；禁用自动发布、自动合并和生产凭据。","仅使用公开测试数据；禁止诊断、治疗、身份、支付或生产数据操作；需要维护者和领域专家双重批准。","等待A完成"
"P078-C","P078","Care | Open Healthcare Network","C-独立复验与草稿PR","P078-B","Add Codespaces setup guide for new contributors","https://github.com/ohcnetwork/care/issues/3590","由不同用户在干净环境独立复验补丁，检查回归、许可证、敏感信息和提交质量，并准备草稿 PR。","review.md；干净环境复验日志；风险清单；草稿 PR 标题与正文；维护者决定记录。","补丁可重复应用；目标与必要回归测试通过；敏感信息扫描通过；变更符合贡献指南；只有维护者批准后才创建草稿 PR。","模型可辅助审查和撰写 PR，但最终结论必须由未参与 B 阶段的用户确认。","仅使用公开测试数据；禁止诊断、治疗、身份、支付或生产数据操作；需要维护者和领域专家双重批准。","等待B完成"
"P079-A","P079","Jellow AAC Communicator","A-复现与验收固化","","Add Activity Sequence option in make my board.","https://github.com/jellow-aac/jellow-communicator-android/issues/15","在固定 commit 上复现候选 Issue，并把需求收敛为模型可执行、可自动判定的任务说明。","task-spec.md；最小复现；失败测试或确定性检查脚本；准确运行命令。","干净环境可重复得到预期失败；验收命令和期望结果明确；不修改生产实现；维护者确认任务边界。","可让模型分析仓库、生成复现步骤和测试，但不得让模型自行扩大需求范围。","仅修改任务授权范围；禁止访问真实个人数据；需要维护者批准后才能向上游提交。","待维护者确认"
"P079-B","P079","Jellow AAC Communicator","B-模型实现最小修复","P079-A","Add Activity Sequence option in make my board.","https://github.com/jellow-aac/jellow-communicator-android/issues/15","基于 A 阶段锁定的任务说明和失败测试，使用模型完成最小范围实现。","model.patch；变更说明；目标测试与相关回归测试日志；模型与运行参数记录。","A 阶段失败测试转为通过；相关既有测试无回归；无无关重构、依赖或格式化；补丁不含密钥和个人数据。","模型只能在隔离容器和固定 commit 上工作；禁用自动发布、自动合并和生产凭据。","仅修改任务授权范围；禁止访问真实个人数据；需要维护者批准后才能向上游提交。","等待A完成"
"P079-C","P079","Jellow AAC Communicator","C-独立复验与草稿PR","P079-B","Add Activity Sequence option in make my board.","https://github.com/jellow-aac/jellow-communicator-android/issues/15","由不同用户在干净环境独立复验补丁，检查回归、许可证、敏感信息和提交质量，并准备草稿 PR。","review.md；干净环境复验日志；风险清单；草稿 PR 标题与正文；维护者决定记录。","补丁可重复应用；目标与必要回归测试通过；敏感信息扫描通过；变更符合贡献指南；只有维护者批准后才创建草稿 PR。","模型可辅助审查和撰写 PR，但最终结论必须由未参与 B 阶段的用户确认。","仅修改任务授权范围；禁止访问真实个人数据；需要维护者批准后才能向上游提交。","等待B完成"
"P080-A","P080","The Ushahidi Platform","A-复现与验收固化","","[Test] [Please Ignore] Checking flow of feature/enhancement request","https://github.com/ushahidi/platform/issues/4974","在固定 commit 上复现候选 Issue，并把需求收敛为模型可执行、可自动判定的任务说明。","task-spec.md；最小复现；失败测试或确定性检查脚本；准确运行命令。","干净环境可重复得到预期失败；验收命令和期望结果明确；不修改生产实现；维护者确认任务边界。","可让模型分析仓库、生成复现步骤和测试，但不得让模型自行扩大需求范围。","仅修改任务授权范围；禁止携带密钥和个人数据；需要维护者批准后才能向上游提交。","待维护者确认"
"P080-B","P080","The Ushahidi Platform","B-模型实现最小修复","P080-A","[Test] [Please Ignore] Checking flow of feature/enhancement request","https://github.com/ushahidi/platform/issues/4974","基于 A 阶段锁定的任务说明和失败测试，使用模型完成最小范围实现。","model.patch；变更说明；目标测试与相关回归测试日志；模型与运行参数记录。","A 阶段失败测试转为通过；相关既有测试无回归；无无关重构、依赖或格式化；补丁不含密钥和个人数据。","模型只能在隔离容器和固定 commit 上工作；禁用自动发布、自动合并和生产凭据。","仅修改任务授权范围；禁止携带密钥和个人数据；需要维护者批准后才能向上游提交。","等待A完成"
"P080-C","P080","The Ushahidi Platform","C-独立复验与草稿PR","P080-B","[Test] [Please Ignore] Checking flow of feature/enhancement request","https://github.com/ushahidi/platform/issues/4974","由不同用户在干净环境独立复验补丁，检查回归、许可证、敏感信息和提交质量，并准备草稿 PR。","review.md；干净环境复验日志；风险清单；草稿 PR 标题与正文；维护者决定记录。","补丁可重复应用；目标与必要回归测试通过；敏感信息扫描通过；变更符合贡献指南；只有维护者批准后才创建草稿 PR。","模型可辅助审查和撰写 PR，但最终结论必须由未参与 B 阶段的用户确认。","仅修改任务授权范围；禁止携带密钥和个人数据；需要维护者批准后才能向上游提交。","等待B完成"
"P081-A","P081","Go.Data","A-复现与验收固化","","R Shiny - linking to documentation on AFRO Contact Tracing Shiny App","https://github.com/WorldHealthOrganization/godata/issues/45","在固定 commit 上复现候选 Issue，并把需求收敛为模型可执行、可自动判定的任务说明。","task-spec.md；最小复现；失败测试或确定性检查脚本；准确运行命令。","干净环境可重复得到预期失败；验收命令和期望结果明确；不修改生产实现；维护者确认任务边界。","可让模型分析仓库、生成复现步骤和测试，但不得让模型自行扩大需求范围。","仅使用公开测试数据；禁止诊断、治疗、身份、支付或生产数据操作；需要维护者和领域专家双重批准。","待维护者确认"
"P081-B","P081","Go.Data","B-模型实现最小修复","P081-A","R Shiny - linking to documentation on AFRO Contact Tracing Shiny App","https://github.com/WorldHealthOrganization/godata/issues/45","基于 A 阶段锁定的任务说明和失败测试，使用模型完成最小范围实现。","model.patch；变更说明；目标测试与相关回归测试日志；模型与运行参数记录。","A 阶段失败测试转为通过；相关既有测试无回归；无无关重构、依赖或格式化；补丁不含密钥和个人数据。","模型只能在隔离容器和固定 commit 上工作；禁用自动发布、自动合并和生产凭据。","仅使用公开测试数据；禁止诊断、治疗、身份、支付或生产数据操作；需要维护者和领域专家双重批准。","等待A完成"
"P081-C","P081","Go.Data","C-独立复验与草稿PR","P081-B","R Shiny - linking to documentation on AFRO Contact Tracing Shiny App","https://github.com/WorldHealthOrganization/godata/issues/45","由不同用户在干净环境独立复验补丁，检查回归、许可证、敏感信息和提交质量，并准备草稿 PR。","review.md；干净环境复验日志；风险清单；草稿 PR 标题与正文；维护者决定记录。","补丁可重复应用；目标与必要回归测试通过；敏感信息扫描通过；变更符合贡献指南；只有维护者批准后才创建草稿 PR。","模型可辅助审查和撰写 PR，但最终结论必须由未参与 B 阶段的用户确认。","仅使用公开测试数据；禁止诊断、治疗、身份、支付或生产数据操作；需要维护者和领域专家双重批准。","等待B完成"
"P082-A","P082","Interfacer","A-复现与验收固化","","At login, if incorrent answers are given, no feedback is given and console returns an error","https://github.com/interfacerproject/interfacer-gui/issues/769","在固定 commit 上复现候选 Issue，并把需求收敛为模型可执行、可自动判定的任务说明。","task-spec.md；最小复现；失败测试或确定性检查脚本；准确运行命令。","干净环境可重复得到预期失败；验收命令和期望结果明确；不修改生产实现；维护者确认任务边界。","可让模型分析仓库、生成复现步骤和测试，但不得让模型自行扩大需求范围。","仅修改任务授权范围；禁止携带密钥和个人数据；需要维护者批准后才能向上游提交。","待维护者确认"
"P082-B","P082","Interfacer","B-模型实现最小修复","P082-A","At login, if incorrent answers are given, no feedback is given and console returns an error","https://github.com/interfacerproject/interfacer-gui/issues/769","基于 A 阶段锁定的任务说明和失败测试，使用模型完成最小范围实现。","model.patch；变更说明；目标测试与相关回归测试日志；模型与运行参数记录。","A 阶段失败测试转为通过；相关既有测试无回归；无无关重构、依赖或格式化；补丁不含密钥和个人数据。","模型只能在隔离容器和固定 commit 上工作；禁用自动发布、自动合并和生产凭据。","仅修改任务授权范围；禁止携带密钥和个人数据；需要维护者批准后才能向上游提交。","等待A完成"
"P082-C","P082","Interfacer","C-独立复验与草稿PR","P082-B","At login, if incorrent answers are given, no feedback is given and console returns an error","https://github.com/interfacerproject/interfacer-gui/issues/769","由不同用户在干净环境独立复验补丁，检查回归、许可证、敏感信息和提交质量，并准备草稿 PR。","review.md；干净环境复验日志；风险清单；草稿 PR 标题与正文；维护者决定记录。","补丁可重复应用；目标与必要回归测试通过；敏感信息扫描通过；变更符合贡献指南；只有维护者批准后才创建草稿 PR。","模型可辅助审查和撰写 PR，但最终结论必须由未参与 B 阶段的用户确认。","仅修改任务授权范围；禁止携带密钥和个人数据；需要维护者批准后才能向上游提交。","等待B完成"
"P083-A","P083","finalsize","A-复现与验收固化","","Describe the underlying maths and numerical implementations in vignette","https://github.com/epiverse-trace/finalsize/issues/176","在固定 commit 上复现候选 Issue，并把需求收敛为模型可执行、可自动判定的任务说明。","task-spec.md；最小复现；失败测试或确定性检查脚本；准确运行命令。","干净环境可重复得到预期失败；验收命令和期望结果明确；不修改生产实现；维护者确认任务边界。","可让模型分析仓库、生成复现步骤和测试，但不得让模型自行扩大需求范围。","仅使用公开测试数据；禁止诊断、治疗、身份、支付或生产数据操作；需要维护者和领域专家双重批准。","待维护者确认"
"P083-B","P083","finalsize","B-模型实现最小修复","P083-A","Describe the underlying maths and numerical implementations in vignette","https://github.com/epiverse-trace/finalsize/issues/176","基于 A 阶段锁定的任务说明和失败测试，使用模型完成最小范围实现。","model.patch；变更说明；目标测试与相关回归测试日志；模型与运行参数记录。","A 阶段失败测试转为通过；相关既有测试无回归；无无关重构、依赖或格式化；补丁不含密钥和个人数据。","模型只能在隔离容器和固定 commit 上工作；禁用自动发布、自动合并和生产凭据。","仅使用公开测试数据；禁止诊断、治疗、身份、支付或生产数据操作；需要维护者和领域专家双重批准。","等待A完成"
"P083-C","P083","finalsize","C-独立复验与草稿PR","P083-B","Describe the underlying maths and numerical implementations in vignette","https://github.com/epiverse-trace/finalsize/issues/176","由不同用户在干净环境独立复验补丁，检查回归、许可证、敏感信息和提交质量，并准备草稿 PR。","review.md；干净环境复验日志；风险清单；草稿 PR 标题与正文；维护者决定记录。","补丁可重复应用；目标与必要回归测试通过；敏感信息扫描通过；变更符合贡献指南；只有维护者批准后才创建草稿 PR。","模型可辅助审查和撰写 PR，但最终结论必须由未参与 B 阶段的用户确认。","仅使用公开测试数据；禁止诊断、治疗、身份、支付或生产数据操作；需要维护者和领域专家双重批准。","等待B完成"
"P084-A","P084","TruBudget","A-复现与验收固化","","Analytics connectors: documentation for Superset or PowerQueryExcel how to extract data from TruBudget","https://github.com/openkfw/TruBudget/issues/1902","在固定 commit 上复现候选 Issue，并把需求收敛为模型可执行、可自动判定的任务说明。","task-spec.md；最小复现；失败测试或确定性检查脚本；准确运行命令。","干净环境可重复得到预期失败；验收命令和期望结果明确；不修改生产实现；维护者确认任务边界。","可让模型分析仓库、生成复现步骤和测试，但不得让模型自行扩大需求范围。","仅修改任务授权范围；禁止访问真实个人数据；需要维护者批准后才能向上游提交。","待维护者确认"
"P084-B","P084","TruBudget","B-模型实现最小修复","P084-A","Analytics connectors: documentation for Superset or PowerQueryExcel how to extract data from TruBudget","https://github.com/openkfw/TruBudget/issues/1902","基于 A 阶段锁定的任务说明和失败测试，使用模型完成最小范围实现。","model.patch；变更说明；目标测试与相关回归测试日志；模型与运行参数记录。","A 阶段失败测试转为通过；相关既有测试无回归；无无关重构、依赖或格式化；补丁不含密钥和个人数据。","模型只能在隔离容器和固定 commit 上工作；禁用自动发布、自动合并和生产凭据。","仅修改任务授权范围；禁止访问真实个人数据；需要维护者批准后才能向上游提交。","等待A完成"
"P084-C","P084","TruBudget","C-独立复验与草稿PR","P084-B","Analytics connectors: documentation for Superset or PowerQueryExcel how to extract data from TruBudget","https://github.com/openkfw/TruBudget/issues/1902","由不同用户在干净环境独立复验补丁，检查回归、许可证、敏感信息和提交质量，并准备草稿 PR。","review.md；干净环境复验日志；风险清单；草稿 PR 标题与正文；维护者决定记录。","补丁可重复应用；目标与必要回归测试通过；敏感信息扫描通过；变更符合贡献指南；只有维护者批准后才创建草稿 PR。","模型可辅助审查和撰写 PR，但最终结论必须由未参与 B 阶段的用户确认。","仅修改任务授权范围；禁止访问真实个人数据；需要维护者批准后才能向上游提交。","等待B完成"
"P085-A","P085","Boxtribute","A-复现与验收固化","","Update eslint to v9","https://github.com/boxwise/boxtribute/issues/2308","在固定 commit 上复现候选 Issue，并把需求收敛为模型可执行、可自动判定的任务说明。","task-spec.md；最小复现；失败测试或确定性检查脚本；准确运行命令。","干净环境可重复得到预期失败；验收命令和期望结果明确；不修改生产实现；维护者确认任务边界。","可让模型分析仓库、生成复现步骤和测试，但不得让模型自行扩大需求范围。","仅修改任务授权范围；禁止携带密钥和个人数据；需要维护者批准后才能向上游提交。","待维护者确认"
"P085-B","P085","Boxtribute","B-模型实现最小修复","P085-A","Update eslint to v9","https://github.com/boxwise/boxtribute/issues/2308","基于 A 阶段锁定的任务说明和失败测试，使用模型完成最小范围实现。","model.patch；变更说明；目标测试与相关回归测试日志；模型与运行参数记录。","A 阶段失败测试转为通过；相关既有测试无回归；无无关重构、依赖或格式化；补丁不含密钥和个人数据。","模型只能在隔离容器和固定 commit 上工作；禁用自动发布、自动合并和生产凭据。","仅修改任务授权范围；禁止携带密钥和个人数据；需要维护者批准后才能向上游提交。","等待A完成"
"P085-C","P085","Boxtribute","C-独立复验与草稿PR","P085-B","Update eslint to v9","https://github.com/boxwise/boxtribute/issues/2308","由不同用户在干净环境独立复验补丁，检查回归、许可证、敏感信息和提交质量，并准备草稿 PR。","review.md；干净环境复验日志；风险清单；草稿 PR 标题与正文；维护者决定记录。","补丁可重复应用；目标与必要回归测试通过；敏感信息扫描通过；变更符合贡献指南；只有维护者批准后才创建草稿 PR。","模型可辅助审查和撰写 PR，但最终结论必须由未参与 B 阶段的用户确认。","仅修改任务授权范围；禁止携带密钥和个人数据；需要维护者批准后才能向上游提交。","等待B完成"
"P086-A","P086","OpenEWS","A-复现与验收固化","","Setup SolidCache","https://github.com/open-ews/open-ews/issues/2312","在固定 commit 上复现候选 Issue，并把需求收敛为模型可执行、可自动判定的任务说明。","task-spec.md；最小复现；失败测试或确定性检查脚本；准确运行命令。","干净环境可重复得到预期失败；验收命令和期望结果明确；不修改生产实现；维护者确认任务边界。","可让模型分析仓库、生成复现步骤和测试，但不得让模型自行扩大需求范围。","仅修改任务授权范围；禁止携带密钥和个人数据；需要维护者批准后才能向上游提交。","待维护者确认"
"P086-B","P086","OpenEWS","B-模型实现最小修复","P086-A","Setup SolidCache","https://github.com/open-ews/open-ews/issues/2312","基于 A 阶段锁定的任务说明和失败测试，使用模型完成最小范围实现。","model.patch；变更说明；目标测试与相关回归测试日志；模型与运行参数记录。","A 阶段失败测试转为通过；相关既有测试无回归；无无关重构、依赖或格式化；补丁不含密钥和个人数据。","模型只能在隔离容器和固定 commit 上工作；禁用自动发布、自动合并和生产凭据。","仅修改任务授权范围；禁止携带密钥和个人数据；需要维护者批准后才能向上游提交。","等待A完成"
"P086-C","P086","OpenEWS","C-独立复验与草稿PR","P086-B","Setup SolidCache","https://github.com/open-ews/open-ews/issues/2312","由不同用户在干净环境独立复验补丁，检查回归、许可证、敏感信息和提交质量，并准备草稿 PR。","review.md；干净环境复验日志；风险清单；草稿 PR 标题与正文；维护者决定记录。","补丁可重复应用；目标与必要回归测试通过；敏感信息扫描通过；变更符合贡献指南；只有维护者批准后才创建草稿 PR。","模型可辅助审查和撰写 PR，但最终结论必须由未参与 B 阶段的用户确认。","仅修改任务授权范围；禁止携带密钥和个人数据；需要维护者批准后才能向上游提交。","等待B完成"
"P087-A","P087","Immunization Calculation Engine","A-复现与验收固化","","Vaccine group alternative file supportedVaccineGroups.xml missing element","https://github.com/cdsframework/ice/issues/79","在固定 commit 上复现候选 Issue，并把需求收敛为模型可执行、可自动判定的任务说明。","task-spec.md；最小复现；失败测试或确定性检查脚本；准确运行命令。","干净环境可重复得到预期失败；验收命令和期望结果明确；不修改生产实现；维护者确认任务边界。","可让模型分析仓库、生成复现步骤和测试，但不得让模型自行扩大需求范围。","仅使用公开测试数据；禁止诊断、治疗、身份、支付或生产数据操作；需要维护者和领域专家双重批准。","待维护者确认"
"P087-B","P087","Immunization Calculation Engine","B-模型实现最小修复","P087-A","Vaccine group alternative file supportedVaccineGroups.xml missing element","https://github.com/cdsframework/ice/issues/79","基于 A 阶段锁定的任务说明和失败测试，使用模型完成最小范围实现。","model.patch；变更说明；目标测试与相关回归测试日志；模型与运行参数记录。","A 阶段失败测试转为通过；相关既有测试无回归；无无关重构、依赖或格式化；补丁不含密钥和个人数据。","模型只能在隔离容器和固定 commit 上工作；禁用自动发布、自动合并和生产凭据。","仅使用公开测试数据；禁止诊断、治疗、身份、支付或生产数据操作；需要维护者和领域专家双重批准。","等待A完成"
"P087-C","P087","Immunization Calculation Engine","C-独立复验与草稿PR","P087-B","Vaccine group alternative file supportedVaccineGroups.xml missing element","https://github.com/cdsframework/ice/issues/79","由不同用户在干净环境独立复验补丁，检查回归、许可证、敏感信息和提交质量，并准备草稿 PR。","review.md；干净环境复验日志；风险清单；草稿 PR 标题与正文；维护者决定记录。","补丁可重复应用；目标与必要回归测试通过；敏感信息扫描通过；变更符合贡献指南；只有维护者批准后才创建草稿 PR。","模型可辅助审查和撰写 PR，但最终结论必须由未参与 B 阶段的用户确认。","仅使用公开测试数据；禁止诊断、治疗、身份、支付或生产数据操作；需要维护者和领域专家双重批准。","等待B完成"
"P088-A","P088","UPYOG","A-复现与验收固化","","How to use it to build custom applications","https://github.com/upyog/UPYOG/issues/2246","在固定 commit 上复现候选 Issue，并把需求收敛为模型可执行、可自动判定的任务说明。","task-spec.md；最小复现；失败测试或确定性检查脚本；准确运行命令。","干净环境可重复得到预期失败；验收命令和期望结果明确；不修改生产实现；维护者确认任务边界。","可让模型分析仓库、生成复现步骤和测试，但不得让模型自行扩大需求范围。","仅使用公开测试数据；禁止诊断、治疗、身份、支付或生产数据操作；需要维护者和领域专家双重批准。","待维护者确认"
"P088-B","P088","UPYOG","B-模型实现最小修复","P088-A","How to use it to build custom applications","https://github.com/upyog/UPYOG/issues/2246","基于 A 阶段锁定的任务说明和失败测试，使用模型完成最小范围实现。","model.patch；变更说明；目标测试与相关回归测试日志；模型与运行参数记录。","A 阶段失败测试转为通过；相关既有测试无回归；无无关重构、依赖或格式化；补丁不含密钥和个人数据。","模型只能在隔离容器和固定 commit 上工作；禁用自动发布、自动合并和生产凭据。","仅使用公开测试数据；禁止诊断、治疗、身份、支付或生产数据操作；需要维护者和领域专家双重批准。","等待A完成"
"P088-C","P088","UPYOG","C-独立复验与草稿PR","P088-B","How to use it to build custom applications","https://github.com/upyog/UPYOG/issues/2246","由不同用户在干净环境独立复验补丁，检查回归、许可证、敏感信息和提交质量，并准备草稿 PR。","review.md；干净环境复验日志；风险清单；草稿 PR 标题与正文；维护者决定记录。","补丁可重复应用；目标与必要回归测试通过；敏感信息扫描通过；变更符合贡献指南；只有维护者批准后才创建草稿 PR。","模型可辅助审查和撰写 PR，但最终结论必须由未参与 B 阶段的用户确认。","仅使用公开测试数据；禁止诊断、治疗、身份、支付或生产数据操作；需要维护者和领域专家双重批准。","等待B完成"
"P089-A","P089","Deon","A-复现与验收固化","","Add positive examples","https://github.com/drivendataorg/deon/issues/169","在固定 commit 上复现候选 Issue，并把需求收敛为模型可执行、可自动判定的任务说明。","task-spec.md；最小复现；失败测试或确定性检查脚本；准确运行命令。","干净环境可重复得到预期失败；验收命令和期望结果明确；不修改生产实现；维护者确认任务边界。","可让模型分析仓库、生成复现步骤和测试，但不得让模型自行扩大需求范围。","仅修改任务授权范围；禁止访问真实个人数据；需要维护者批准后才能向上游提交。","待维护者确认"
"P089-B","P089","Deon","B-模型实现最小修复","P089-A","Add positive examples","https://github.com/drivendataorg/deon/issues/169","基于 A 阶段锁定的任务说明和失败测试，使用模型完成最小范围实现。","model.patch；变更说明；目标测试与相关回归测试日志；模型与运行参数记录。","A 阶段失败测试转为通过；相关既有测试无回归；无无关重构、依赖或格式化；补丁不含密钥和个人数据。","模型只能在隔离容器和固定 commit 上工作；禁用自动发布、自动合并和生产凭据。","仅修改任务授权范围；禁止访问真实个人数据；需要维护者批准后才能向上游提交。","等待A完成"
"P089-C","P089","Deon","C-独立复验与草稿PR","P089-B","Add positive examples","https://github.com/drivendataorg/deon/issues/169","由不同用户在干净环境独立复验补丁，检查回归、许可证、敏感信息和提交质量，并准备草稿 PR。","review.md；干净环境复验日志；风险清单；草稿 PR 标题与正文；维护者决定记录。","补丁可重复应用；目标与必要回归测试通过；敏感信息扫描通过；变更符合贡献指南；只有维护者批准后才创建草稿 PR。","模型可辅助审查和撰写 PR，但最终结论必须由未参与 B 阶段的用户确认。","仅修改任务授权范围；禁止访问真实个人数据；需要维护者批准后才能向上游提交。","等待B完成"
"P090-A","P090","OpenEyes","A-复现与验收固化","","core problems with coding v6.0 on latest ubuntu 24.10 desktop","https://github.com/AppertaFoundation/openeyes/issues/53","在固定 commit 上复现候选 Issue，并把需求收敛为模型可执行、可自动判定的任务说明。","task-spec.md；最小复现；失败测试或确定性检查脚本；准确运行命令。","干净环境可重复得到预期失败；验收命令和期望结果明确；不修改生产实现；维护者确认任务边界。","可让模型分析仓库、生成复现步骤和测试，但不得让模型自行扩大需求范围。","仅使用公开测试数据；禁止诊断、治疗、身份、支付或生产数据操作；需要维护者和领域专家双重批准。","待维护者确认"
"P090-B","P090","OpenEyes","B-模型实现最小修复","P090-A","core problems with coding v6.0 on latest ubuntu 24.10 desktop","https://github.com/AppertaFoundation/openeyes/issues/53","基于 A 阶段锁定的任务说明和失败测试，使用模型完成最小范围实现。","model.patch；变更说明；目标测试与相关回归测试日志；模型与运行参数记录。","A 阶段失败测试转为通过；相关既有测试无回归；无无关重构、依赖或格式化；补丁不含密钥和个人数据。","模型只能在隔离容器和固定 commit 上工作；禁用自动发布、自动合并和生产凭据。","仅使用公开测试数据；禁止诊断、治疗、身份、支付或生产数据操作；需要维护者和领域专家双重批准。","等待A完成"
"P090-C","P090","OpenEyes","C-独立复验与草稿PR","P090-B","core problems with coding v6.0 on latest ubuntu 24.10 desktop","https://github.com/AppertaFoundation/openeyes/issues/53","由不同用户在干净环境独立复验补丁，检查回归、许可证、敏感信息和提交质量，并准备草稿 PR。","review.md；干净环境复验日志；风险清单；草稿 PR 标题与正文；维护者决定记录。","补丁可重复应用；目标与必要回归测试通过；敏感信息扫描通过；变更符合贡献指南；只有维护者批准后才创建草稿 PR。","模型可辅助审查和撰写 PR，但最终结论必须由未参与 B 阶段的用户确认。","仅使用公开测试数据；禁止诊断、治疗、身份、支付或生产数据操作；需要维护者和领域专家双重批准。","等待B完成"
"P091-A","P091","MEDPlat","A-复现与验收固化","","TASK: Recursive Events Support","https://github.com/ArgusoftOpen/medplat/issues/114","在固定 commit 上复现候选 Issue，并把需求收敛为模型可执行、可自动判定的任务说明。","task-spec.md；最小复现；失败测试或确定性检查脚本；准确运行命令。","干净环境可重复得到预期失败；验收命令和期望结果明确；不修改生产实现；维护者确认任务边界。","可让模型分析仓库、生成复现步骤和测试，但不得让模型自行扩大需求范围。","仅使用公开测试数据；禁止诊断、治疗、身份、支付或生产数据操作；需要维护者和领域专家双重批准。","待维护者确认"
"P091-B","P091","MEDPlat","B-模型实现最小修复","P091-A","TASK: Recursive Events Support","https://github.com/ArgusoftOpen/medplat/issues/114","基于 A 阶段锁定的任务说明和失败测试，使用模型完成最小范围实现。","model.patch；变更说明；目标测试与相关回归测试日志；模型与运行参数记录。","A 阶段失败测试转为通过；相关既有测试无回归；无无关重构、依赖或格式化；补丁不含密钥和个人数据。","模型只能在隔离容器和固定 commit 上工作；禁用自动发布、自动合并和生产凭据。","仅使用公开测试数据；禁止诊断、治疗、身份、支付或生产数据操作；需要维护者和领域专家双重批准。","等待A完成"
"P091-C","P091","MEDPlat","C-独立复验与草稿PR","P091-B","TASK: Recursive Events Support","https://github.com/ArgusoftOpen/medplat/issues/114","由不同用户在干净环境独立复验补丁，检查回归、许可证、敏感信息和提交质量，并准备草稿 PR。","review.md；干净环境复验日志；风险清单；草稿 PR 标题与正文；维护者决定记录。","补丁可重复应用；目标与必要回归测试通过；敏感信息扫描通过；变更符合贡献指南；只有维护者批准后才创建草稿 PR。","模型可辅助审查和撰写 PR，但最终结论必须由未参与 B 阶段的用户确认。","仅使用公开测试数据；禁止诊断、治疗、身份、支付或生产数据操作；需要维护者和领域专家双重批准。","等待B完成"
"P092-A","P092","Feluda","A-复现与验收固化","","Semantic versioning script incorrectly bumps patch instead of minor","https://github.com/tattle-made/feluda/issues/680","在固定 commit 上复现候选 Issue，并把需求收敛为模型可执行、可自动判定的任务说明。","task-spec.md；最小复现；失败测试或确定性检查脚本；准确运行命令。","干净环境可重复得到预期失败；验收命令和期望结果明确；不修改生产实现；维护者确认任务边界。","可让模型分析仓库、生成复现步骤和测试，但不得让模型自行扩大需求范围。","仅修改任务授权范围；禁止访问真实个人数据；需要维护者批准后才能向上游提交。","待维护者确认"
"P092-B","P092","Feluda","B-模型实现最小修复","P092-A","Semantic versioning script incorrectly bumps patch instead of minor","https://github.com/tattle-made/feluda/issues/680","基于 A 阶段锁定的任务说明和失败测试，使用模型完成最小范围实现。","model.patch；变更说明；目标测试与相关回归测试日志；模型与运行参数记录。","A 阶段失败测试转为通过；相关既有测试无回归；无无关重构、依赖或格式化；补丁不含密钥和个人数据。","模型只能在隔离容器和固定 commit 上工作；禁用自动发布、自动合并和生产凭据。","仅修改任务授权范围；禁止访问真实个人数据；需要维护者批准后才能向上游提交。","等待A完成"
"P092-C","P092","Feluda","C-独立复验与草稿PR","P092-B","Semantic versioning script incorrectly bumps patch instead of minor","https://github.com/tattle-made/feluda/issues/680","由不同用户在干净环境独立复验补丁，检查回归、许可证、敏感信息和提交质量，并准备草稿 PR。","review.md；干净环境复验日志；风险清单；草稿 PR 标题与正文；维护者决定记录。","补丁可重复应用；目标与必要回归测试通过；敏感信息扫描通过；变更符合贡献指南；只有维护者批准后才创建草稿 PR。","模型可辅助审查和撰写 PR，但最终结论必须由未参与 B 阶段的用户确认。","仅修改任务授权范围；禁止访问真实个人数据；需要维护者批准后才能向上游提交。","等待B完成"
"P093-A","P093","SanteSuite","A-复现与验收固化","","https://santesuite.com not https://santesuite.org","https://github.com/santedb/santedb-server/issues/23","在固定 commit 上复现候选 Issue，并把需求收敛为模型可执行、可自动判定的任务说明。","task-spec.md；最小复现；失败测试或确定性检查脚本；准确运行命令。","干净环境可重复得到预期失败；验收命令和期望结果明确；不修改生产实现；维护者确认任务边界。","可让模型分析仓库、生成复现步骤和测试，但不得让模型自行扩大需求范围。","仅使用公开测试数据；禁止诊断、治疗、身份、支付或生产数据操作；需要维护者和领域专家双重批准。","待维护者确认"
"P093-B","P093","SanteSuite","B-模型实现最小修复","P093-A","https://santesuite.com not https://santesuite.org","https://github.com/santedb/santedb-server/issues/23","基于 A 阶段锁定的任务说明和失败测试，使用模型完成最小范围实现。","model.patch；变更说明；目标测试与相关回归测试日志；模型与运行参数记录。","A 阶段失败测试转为通过；相关既有测试无回归；无无关重构、依赖或格式化；补丁不含密钥和个人数据。","模型只能在隔离容器和固定 commit 上工作；禁用自动发布、自动合并和生产凭据。","仅使用公开测试数据；禁止诊断、治疗、身份、支付或生产数据操作；需要维护者和领域专家双重批准。","等待A完成"
"P093-C","P093","SanteSuite","C-独立复验与草稿PR","P093-B","https://santesuite.com not https://santesuite.org","https://github.com/santedb/santedb-server/issues/23","由不同用户在干净环境独立复验补丁，检查回归、许可证、敏感信息和提交质量，并准备草稿 PR。","review.md；干净环境复验日志；风险清单；草稿 PR 标题与正文；维护者决定记录。","补丁可重复应用；目标与必要回归测试通过；敏感信息扫描通过；变更符合贡献指南；只有维护者批准后才创建草稿 PR。","模型可辅助审查和撰写 PR，但最终结论必须由未参与 B 阶段的用户确认。","仅使用公开测试数据；禁止诊断、治疗、身份、支付或生产数据操作；需要维护者和领域专家双重批准。","等待B完成"
"P094-A","P094","Quantification Analytics Tool","A-复现与验收固化","","Inconsistent Error Handling and Response Types in JiraServiceDeskApiService","https://github.com/FASP-QAT/fasp-api/issues/20","在固定 commit 上复现候选 Issue，并把需求收敛为模型可执行、可自动判定的任务说明。","task-spec.md；最小复现；失败测试或确定性检查脚本；准确运行命令。","干净环境可重复得到预期失败；验收命令和期望结果明确；不修改生产实现；维护者确认任务边界。","可让模型分析仓库、生成复现步骤和测试，但不得让模型自行扩大需求范围。","仅使用公开测试数据；禁止诊断、治疗、身份、支付或生产数据操作；需要维护者和领域专家双重批准。","待维护者确认"
"P094-B","P094","Quantification Analytics Tool","B-模型实现最小修复","P094-A","Inconsistent Error Handling and Response Types in JiraServiceDeskApiService","https://github.com/FASP-QAT/fasp-api/issues/20","基于 A 阶段锁定的任务说明和失败测试，使用模型完成最小范围实现。","model.patch；变更说明；目标测试与相关回归测试日志；模型与运行参数记录。","A 阶段失败测试转为通过；相关既有测试无回归；无无关重构、依赖或格式化；补丁不含密钥和个人数据。","模型只能在隔离容器和固定 commit 上工作；禁用自动发布、自动合并和生产凭据。","仅使用公开测试数据；禁止诊断、治疗、身份、支付或生产数据操作；需要维护者和领域专家双重批准。","等待A完成"
"P094-C","P094","Quantification Analytics Tool","C-独立复验与草稿PR","P094-B","Inconsistent Error Handling and Response Types in JiraServiceDeskApiService","https://github.com/FASP-QAT/fasp-api/issues/20","由不同用户在干净环境独立复验补丁，检查回归、许可证、敏感信息和提交质量，并准备草稿 PR。","review.md；干净环境复验日志；风险清单；草稿 PR 标题与正文；维护者决定记录。","补丁可重复应用；目标与必要回归测试通过；敏感信息扫描通过；变更符合贡献指南；只有维护者批准后才创建草稿 PR。","模型可辅助审查和撰写 PR，但最终结论必须由未参与 B 阶段的用户确认。","仅使用公开测试数据；禁止诊断、治疗、身份、支付或生产数据操作；需要维护者和领域专家双重批准。","等待B完成"
"P095-A","P095","OpenHexa","A-复现与验收固化","","Dependency Dashboard","https://github.com/BLSQ/openhexa/issues/66","在固定 commit 上复现候选 Issue，并把需求收敛为模型可执行、可自动判定的任务说明。","task-spec.md；最小复现；失败测试或确定性检查脚本；准确运行命令。","干净环境可重复得到预期失败；验收命令和期望结果明确；不修改生产实现；维护者确认任务边界。","可让模型分析仓库、生成复现步骤和测试，但不得让模型自行扩大需求范围。","仅使用公开测试数据；禁止诊断、治疗、身份、支付或生产数据操作；需要维护者和领域专家双重批准。","待维护者确认"
"P095-B","P095","OpenHexa","B-模型实现最小修复","P095-A","Dependency Dashboard","https://github.com/BLSQ/openhexa/issues/66","基于 A 阶段锁定的任务说明和失败测试，使用模型完成最小范围实现。","model.patch；变更说明；目标测试与相关回归测试日志；模型与运行参数记录。","A 阶段失败测试转为通过；相关既有测试无回归；无无关重构、依赖或格式化；补丁不含密钥和个人数据。","模型只能在隔离容器和固定 commit 上工作；禁用自动发布、自动合并和生产凭据。","仅使用公开测试数据；禁止诊断、治疗、身份、支付或生产数据操作；需要维护者和领域专家双重批准。","等待A完成"
"P095-C","P095","OpenHexa","C-独立复验与草稿PR","P095-B","Dependency Dashboard","https://github.com/BLSQ/openhexa/issues/66","由不同用户在干净环境独立复验补丁，检查回归、许可证、敏感信息和提交质量，并准备草稿 PR。","review.md；干净环境复验日志；风险清单；草稿 PR 标题与正文；维护者决定记录。","补丁可重复应用；目标与必要回归测试通过；敏感信息扫描通过；变更符合贡献指南；只有维护者批准后才创建草稿 PR。","模型可辅助审查和撰写 PR，但最终结论必须由未参与 B 阶段的用户确认。","仅使用公开测试数据；禁止诊断、治疗、身份、支付或生产数据操作；需要维护者和领域专家双重批准。","等待B完成"
"P096-A","P096","Trade Trust","A-复现与验收固化","","Inquiry: ERC-4337 (Account Abstraction) Support in Tradetrust","https://github.com/TradeTrust/token-registry/issues/47","在固定 commit 上复现候选 Issue，并把需求收敛为模型可执行、可自动判定的任务说明。","task-spec.md；最小复现；失败测试或确定性检查脚本；准确运行命令。","干净环境可重复得到预期失败；验收命令和期望结果明确；不修改生产实现；维护者确认任务边界。","可让模型分析仓库、生成复现步骤和测试，但不得让模型自行扩大需求范围。","仅修改任务授权范围；禁止携带密钥和个人数据；需要维护者批准后才能向上游提交。","待维护者确认"
"P096-B","P096","Trade Trust","B-模型实现最小修复","P096-A","Inquiry: ERC-4337 (Account Abstraction) Support in Tradetrust","https://github.com/TradeTrust/token-registry/issues/47","基于 A 阶段锁定的任务说明和失败测试，使用模型完成最小范围实现。","model.patch；变更说明；目标测试与相关回归测试日志；模型与运行参数记录。","A 阶段失败测试转为通过；相关既有测试无回归；无无关重构、依赖或格式化；补丁不含密钥和个人数据。","模型只能在隔离容器和固定 commit 上工作；禁用自动发布、自动合并和生产凭据。","仅修改任务授权范围；禁止携带密钥和个人数据；需要维护者批准后才能向上游提交。","等待A完成"
"P096-C","P096","Trade Trust","C-独立复验与草稿PR","P096-B","Inquiry: ERC-4337 (Account Abstraction) Support in Tradetrust","https://github.com/TradeTrust/token-registry/issues/47","由不同用户在干净环境独立复验补丁，检查回归、许可证、敏感信息和提交质量，并准备草稿 PR。","review.md；干净环境复验日志；风险清单；草稿 PR 标题与正文；维护者决定记录。","补丁可重复应用；目标与必要回归测试通过；敏感信息扫描通过；变更符合贡献指南；只有维护者批准后才创建草稿 PR。","模型可辅助审查和撰写 PR，但最终结论必须由未参与 B 阶段的用户确认。","仅修改任务授权范围；禁止携带密钥和个人数据；需要维护者批准后才能向上游提交。","等待B完成"
"P097-A","P097","Rural Environmental Registry Registration Module","A-复现与验收固化","","erro na porta do navegador","https://github.com/Rural-Environmental-Registry/core/issues/5","在固定 commit 上复现候选 Issue，并把需求收敛为模型可执行、可自动判定的任务说明。","task-spec.md；最小复现；失败测试或确定性检查脚本；准确运行命令。","干净环境可重复得到预期失败；验收命令和期望结果明确；不修改生产实现；维护者确认任务边界。","可让模型分析仓库、生成复现步骤和测试，但不得让模型自行扩大需求范围。","仅修改任务授权范围；禁止访问真实个人数据；需要维护者批准后才能向上游提交。","待维护者确认"
"P097-B","P097","Rural Environmental Registry Registration Module","B-模型实现最小修复","P097-A","erro na porta do navegador","https://github.com/Rural-Environmental-Registry/core/issues/5","基于 A 阶段锁定的任务说明和失败测试，使用模型完成最小范围实现。","model.patch；变更说明；目标测试与相关回归测试日志；模型与运行参数记录。","A 阶段失败测试转为通过；相关既有测试无回归；无无关重构、依赖或格式化；补丁不含密钥和个人数据。","模型只能在隔离容器和固定 commit 上工作；禁用自动发布、自动合并和生产凭据。","仅修改任务授权范围；禁止访问真实个人数据；需要维护者批准后才能向上游提交。","等待A完成"
"P097-C","P097","Rural Environmental Registry Registration Module","C-独立复验与草稿PR","P097-B","erro na porta do navegador","https://github.com/Rural-Environmental-Registry/core/issues/5","由不同用户在干净环境独立复验补丁，检查回归、许可证、敏感信息和提交质量，并准备草稿 PR。","review.md；干净环境复验日志；风险清单；草稿 PR 标题与正文；维护者决定记录。","补丁可重复应用；目标与必要回归测试通过；敏感信息扫描通过；变更符合贡献指南；只有维护者批准后才创建草稿 PR。","模型可辅助审查和撰写 PR，但最终结论必须由未参与 B 阶段的用户确认。","仅修改任务授权范围；禁止访问真实个人数据；需要维护者批准后才能向上游提交。","等待B完成"
"P098-A","P098","magasin","A-复现与验收固化","","Doc: Link t","https://github.com/unicef/magasin/issues/117","在固定 commit 上复现候选 Issue，并把需求收敛为模型可执行、可自动判定的任务说明。","task-spec.md；最小复现；失败测试或确定性检查脚本；准确运行命令。","干净环境可重复得到预期失败；验收命令和期望结果明确；不修改生产实现；维护者确认任务边界。","可让模型分析仓库、生成复现步骤和测试，但不得让模型自行扩大需求范围。","仅修改任务授权范围；禁止携带密钥和个人数据；需要维护者批准后才能向上游提交。","待维护者确认"
"P098-B","P098","magasin","B-模型实现最小修复","P098-A","Doc: Link t","https://github.com/unicef/magasin/issues/117","基于 A 阶段锁定的任务说明和失败测试，使用模型完成最小范围实现。","model.patch；变更说明；目标测试与相关回归测试日志；模型与运行参数记录。","A 阶段失败测试转为通过；相关既有测试无回归；无无关重构、依赖或格式化；补丁不含密钥和个人数据。","模型只能在隔离容器和固定 commit 上工作；禁用自动发布、自动合并和生产凭据。","仅修改任务授权范围；禁止携带密钥和个人数据；需要维护者批准后才能向上游提交。","等待A完成"
"P098-C","P098","magasin","C-独立复验与草稿PR","P098-B","Doc: Link t","https://github.com/unicef/magasin/issues/117","由不同用户在干净环境独立复验补丁，检查回归、许可证、敏感信息和提交质量，并准备草稿 PR。","review.md；干净环境复验日志；风险清单；草稿 PR 标题与正文；维护者决定记录。","补丁可重复应用；目标与必要回归测试通过；敏感信息扫描通过；变更符合贡献指南；只有维护者批准后才创建草稿 PR。","模型可辅助审查和撰写 PR，但最终结论必须由未参与 B 阶段的用户确认。","仅修改任务授权范围；禁止携带密钥和个人数据；需要维护者批准后才能向上游提交。","等待B完成"
"P099-A","P099","Harmony","A-复现与验收固化","","[DMP 2024]: Streamline Harmony’s setup and improve documentation","https://github.com/Zenysis/Harmony/issues/119","在固定 commit 上复现候选 Issue，并把需求收敛为模型可执行、可自动判定的任务说明。","task-spec.md；最小复现；失败测试或确定性检查脚本；准确运行命令。","干净环境可重复得到预期失败；验收命令和期望结果明确；不修改生产实现；维护者确认任务边界。","可让模型分析仓库、生成复现步骤和测试，但不得让模型自行扩大需求范围。","仅使用公开测试数据；禁止诊断、治疗、身份、支付或生产数据操作；需要维护者和领域专家双重批准。","待维护者确认"
"P099-B","P099","Harmony","B-模型实现最小修复","P099-A","[DMP 2024]: Streamline Harmony’s setup and improve documentation","https://github.com/Zenysis/Harmony/issues/119","基于 A 阶段锁定的任务说明和失败测试，使用模型完成最小范围实现。","model.patch；变更说明；目标测试与相关回归测试日志；模型与运行参数记录。","A 阶段失败测试转为通过；相关既有测试无回归；无无关重构、依赖或格式化；补丁不含密钥和个人数据。","模型只能在隔离容器和固定 commit 上工作；禁用自动发布、自动合并和生产凭据。","仅使用公开测试数据；禁止诊断、治疗、身份、支付或生产数据操作；需要维护者和领域专家双重批准。","等待A完成"
"P099-C","P099","Harmony","C-独立复验与草稿PR","P099-B","[DMP 2024]: Streamline Harmony’s setup and improve documentation","https://github.com/Zenysis/Harmony/issues/119","由不同用户在干净环境独立复验补丁，检查回归、许可证、敏感信息和提交质量，并准备草稿 PR。","review.md；干净环境复验日志；风险清单；草稿 PR 标题与正文；维护者决定记录。","补丁可重复应用；目标与必要回归测试通过；敏感信息扫描通过；变更符合贡献指南；只有维护者批准后才创建草稿 PR。","模型可辅助审查和撰写 PR，但最终结论必须由未参与 B 阶段的用户确认。","仅使用公开测试数据；禁止诊断、治疗、身份、支付或生产数据操作；需要维护者和领域专家双重批准。","等待B完成"
"P100-A","P100","epiCo","A-复现与验收固化","","Add code for traveling time estimations","https://github.com/epiverse-trace/epiCo/issues/69","在固定 commit 上复现候选 Issue，并把需求收敛为模型可执行、可自动判定的任务说明。","task-spec.md；最小复现；失败测试或确定性检查脚本；准确运行命令。","干净环境可重复得到预期失败；验收命令和期望结果明确；不修改生产实现；维护者确认任务边界。","可让模型分析仓库、生成复现步骤和测试，但不得让模型自行扩大需求范围。","仅使用公开测试数据；禁止诊断、治疗、身份、支付或生产数据操作；需要维护者和领域专家双重批准。","待维护者确认"
"P100-B","P100","epiCo","B-模型实现最小修复","P100-A","Add code for traveling time estimations","https://github.com/epiverse-trace/epiCo/issues/69","基于 A 阶段锁定的任务说明和失败测试，使用模型完成最小范围实现。","model.patch；变更说明；目标测试与相关回归测试日志；模型与运行参数记录。","A 阶段失败测试转为通过；相关既有测试无回归；无无关重构、依赖或格式化；补丁不含密钥和个人数据。","模型只能在隔离容器和固定 commit 上工作；禁用自动发布、自动合并和生产凭据。","仅使用公开测试数据；禁止诊断、治疗、身份、支付或生产数据操作；需要维护者和领域专家双重批准。","等待A完成"
"P100-C","P100","epiCo","C-独立复验与草稿PR","P100-B","Add code for traveling time estimations","https://github.com/epiverse-trace/epiCo/issues/69","由不同用户在干净环境独立复验补丁，检查回归、许可证、敏感信息和提交质量，并准备草稿 PR。","review.md；干净环境复验日志；风险清单；草稿 PR 标题与正文；维护者决定记录。","补丁可重复应用；目标与必要回归测试通过；敏感信息扫描通过；变更符合贡献指南；只有维护者批准后才创建草稿 PR。","模型可辅助审查和撰写 PR，但最终结论必须由未参与 B 阶段的用户确认。","仅使用公开测试数据；禁止诊断、治疗、身份、支付或生产数据操作；需要维护者和领域专家双重批准。","等待B完成"
